"HolderAddress","Balance","PendingBalanceUpdate"
"0xd6216fc19db775df9774a6e33526131da7d19a2c","33,925,663,474.663359113842313906","No"
"0xd7ffbe7bc0af46d77670c0ca83a6bc1c77dc0f78","17,400,015,000","No"
"0x446b86a33e2a438f569b15855189e3da28d027ba","4,889,350,464.212094907117483572","No"
"0x75e89d5979e4f6fba9f97c104c2f0afb3f1dcb88","3,062,850,224.919721693061876547","No"
"0xb8e6d31e7b212b2b7250ee9c26c56cebbfbe6b23","2,373,256,719.61537857744","No"
"0x58edf78281334335effa23101bbe3371b6a36a51","952,666,448.832336568261137537","No"
"0xa5968efb1196651172a337ec44ae2697048b17a8","674,349,458.774","No"
"0x0421875cd12406c90d765b5c68b723733e581a28","621,976,508.2208","No"
"0x9370bb4c0f1da969d988cc9bb92d1cd2e942efa9","500,544,180","No"
"0xd5a3b4519353c37eedbe1d7e795039d7b401a4cb","489,677,813.8","No"
"0x8d81bf8b2d4c44392700e2bea402d185a5ab18bd","443,634,227.02802289","No"
"0xd5dc929ec764ad245afddfa6e24d76ef88403df6","403,840,000.94037907","No"
"0xc8486a349182d02a74baac15e77012199f469768","399,887,000","No"
"0xc005f912eadd141d21176708c4bd138c3c89b294","349,717,301.63449362","No"
"0x63768043160982ac93774974da71c239108b9f5e","303,788,826.0147","No"
"0x875639f1fa2cd6594fa41c1a69b96034d72e95ec","296,043,704.70451379","No"
"0x0be0ad41518f3d60eab9973b8f5d519efd07479d","294,944,949.26","No"
"0x005929745e9ac1523875b288e7f17c02a6eec4bb","280,430,307.523456453132834609","No"
"0x90326902b2011c772c7ebc0e6525defc174c39fa","256,619,253.96691478","No"
"0x4ae4697e1099bacd26c0810a5d412e3f95c0930c","252,794,027.5048","No"
"0x16a457645d6f3e5ea23b25a076f1b5a8fc143ca7","250,464,967.9837","No"
"0x9f551b82b9c5777fecfc2759f9d81ea9bed56bbe","250,000,699.1251464","No"
"0xb1db26b866f3439fd3ae9090a3d643be03795e0c","250,000,000.34","No"
"0xb883185a836e8d26c87799e32dd023a71e8fb06d","244,480,748.6922","No"
"0x493dc5afe867af90548d9284c8747ac96e71f5d5","243,143,870.6569","No"
"0x2907cf3f906daec261d4b0ff50fee887f81af868","214,767,013.48151815","No"
"0x3523c1b65e63c6c07541f2087b5ac756cbb6f462","214,055,997.7198599","No"
"0x67dde338e71389a6f0d56531e47d8d6cc82ab003","200,947,139.23106694","No"
"0xb03f20ebb24336c09ea70d230ea2df5a5df04e16","194,024,794.9803","No"
"0x9927a1974e49743667ced778aed9ab58beb817cc","185,658,483.8338","No"
"0xeda9c67f0c263c8ddab40a99f511bdc19b178944","185,003,224.19","No"
"0x3c50f7abba68262bfef203e65746daca3265620d","176,432,565.845","No"
"0x766a223430eb3729f2ff33468d54bb1b30e971d4","175,432,862.1095","No"
"0xba837385cf1ee8b14a3e649fe49b1add0536be40","166,150,119.6","No"
"0xb4302e7a76b4150631b32a535210d02d5d3ef894","163,286,980.8559","No"
"0x90d74a0158262baf024dc3b351680f86a7fe1e27","162,842,059.64111071","No"
"0x1c5ca12262824170d3a3f5bfd54d4d070df944eb","160,330,560.24","No"
"0x6c771f2c6b3153f8af6523de85c1e43f994033ee","159,082,762.1153","No"
"0x43e4e26d0973c48fc940780e61e0801e89617b7a","158,867,206.75949999","No"
"0x2b423418d29df3346e1b49a12e60b46ab11e9279","153,772,375.48786617","No"
"0x341819a008647d35f1d7e82c6c7b81928a4b5b71","146,348,922.7173","No"
"0x9fd9c5a71cc72c523b2175eb8cefa043225f100a","137,810,233.2","No"
"0x0b92e0982661be12fec1ffdaef537f18c82d7c0f","136,660,314.89063399","No"
"0x7b4c422786e5e9a3999d477c2035e543ffed3675","135,890,964.3","No"
"0xdf55976661763b6f1a9b6eeefc286dfb4c247976","126,723,952.1864","No"
"0xb9b1ee782021c74165499b9a6cdc2e1bd4e5fb59","124,991,465.27","No"
"0x8aeff6a3505a2361766402cc6dc8f727ade4dfc5","116,334,465","No"
"0xb28594ee19101015136dc35c7cd1d894e99b8d8b","114,148,788.5128","No"
"0xf7ff0cc1a8a7d9128ac7aab68ce435228f314a8f","114,001,359.7702","No"
"0x7c7bd49b32bfab23b53ef613e9f733e690eb1506","113,763,098.5042","No"
"0x845d3bfb35e82da3db4065be7452a0430581dd09","113,635,406.57715665","No"
"0x38c74435d61fb6a0a2c892c6da388f74f22a4015","110,892,187.78349721","No"
"0xbaf07cff1ce1a7e3a7e655e0a59e9e22a97341e8","110,869,006.9901","No"
"0xeb6c903d2ce84143e2b32a3bb38273f90e13034d","104,981,744.37332845","No"
"0xacef3beb3600d74eff7e530230a2b8e1e0e3b6b5","104,756,885.1698","No"
"0x25581358df7e95f6b62f4125f2c2655c1003cca9","103,512,924.31308139","No"
"0x8a09d96172c777a119f76557d9f121f679067d37","103,347,339.28","No"
"0x9053b21bc848ae1af0bd3cdf3ec493f019138aa5","103,101,189.6537","No"
"0xcfff72f3c5846dc937e03b671a9cf630d5465ca0","102,860,906.67875276","No"
"0x53ffaf87d3a5d2ed804233a4ab36ba712e396faa","101,748,431.508588631202744925","No"
"0x805f26dbd780b64640b1bfb7c733118ca7aed658","101,431,545.60035263","No"
"0x325fe1d35163fe8258c700dd4c0a60f2806188d4","100,800,000","No"
"0xdf73f80cb10be44f4b10781061e7cd9ae6f0262c","100,723,314.924967","No"
"0x5765545752d705f4943bc417684b2ce1251864ab","100,656,152.61629633","No"
"0x4aa4ed0dfadb684726818a33d027fa0ac84ae8c7","100,000,000","No"
"0x7206c520c447b36652ab5e6bfe82bedc6fd2abde","99,600,251.77","No"
"0x9dd01f80784eeca0eaf7358d2f6b66e0d4bc44f1","99,487,008.4605","No"
"0x49d49390d7c680c2978b9cbcbda55867ff109b29","97,015,448.8448","No"
"0xbbf19c1cda96927b6f48aa57a58d03ab8899a0b2","95,008,879.8","No"
"0xb448dae526397255993fe19805359dffada44f93","91,214,384.74","No"
"0x7f7838a6d8ea8dbc165027912430fed7cb1952cb","89,931,967.45","No"
"0x24a22176cf405bb853656bd2cafe1d1f7993fe57","88,602,830.8203","No"
"0xd67fdd3a5e7f86e954b7718131a3970922be9a59","86,727,809.4579","No"
"0xd05f4dff8f2273eb89e0f3454cdf9039e1b0974a","84,855,329.11865389","No"
"0x50466e71908ef02b19b903f06f30a448fd7da583","83,010,461.7304","No"
"0xac68f4c153e7fce8c2394a88deac4ae271149198","81,824,299.2444","No"
"0x2caf1c01824886284d010e87a187cc39ac4f36d9","80,070,000","No"
"0xfab22788a81d5199e74f8adb04f15ebd4e6ad099","77,868,577.2414","No"
"0xb65e7cc4e540429e8193b1ee47bd7115de1ebba1","77,740,363.368","No"
"0xbfe153148e69ac6660aeb49ff1aee7f52a7553f7","77,170,611.9153","No"
"0xb62067629577494fd67993b35bb76f648db120d7","76,422,518.5004","No"
"0x3b49b8c2eb78a770f87adf1883ed43f94479b3b1","72,777,769.5111255","No"
"0x34ea60cff5322a894659bfc57c75145d14fa5d73","72,525,870.09","No"
"0xa955e81eaed81ceccdbdd5570a12af3e23735600","71,878,560.944928049018055658","No"
"0x586c8cf54a3a690a49313a7140c7681c70db1cae","71,466,463.039","No"
"0xcdccc6c9ce3fef2559e2e90f51f0c59ede2c8ecb","71,318,299.55","No"
"0x34d9e993bb08fcb310c8097c2c3813f9a5054fbc","69,032,963.360642149996228982","No"
"0xf7aab787787631d5d180b54b83747e6654e8f6b6","68,500,000","No"
"0xc7f56a0a769b1889f5566581ca85648aca572087","68,080,633.195","No"
"0x7e001e05f2a8dfa395c2519c5174b8a5cb845c3a","65,372,213.3417","No"
"0x669917038641b13cca1e1667cf3b4d7e7eef43c6","64,769,125.86","No"
"0xb3df6da485fe0c8037c73841d9d2a3c5f3aa0ab2","64,571,668.57635159","No"
"0xa469000432abd01818eb54fda618b8b4d80b17b2","63,379,235.45205044","No"
"0xb5ae2ee87d8666c6fa7452b14c57b6e372b14376","63,000,000.42","No"
"0xcb383363b1423e5e7eacc18c01aab521b1154859","62,904,535.298","No"
"0xaf07588b4c0ba8963011166c9b9e5ba73461ef0b","60,310,637.4476","No"
"0x75414336b9be96614cfcf3e5b42498f6f2dee288","60,273,513.95","No"
"0xbf7616c93574b2893b5ad35ff204b676f87e6a9b","60,171,941.116","No"
"0x6e973302c9d664b30e1da0517ca485fb0a0901f0","59,983,491.62895444","No"
"0xf2b3636139947cb1d5fdf6e083a579f4d314bb2a","58,697,242.8","No"
"0xf45788d1278dd53bf2d5382c0cf63776c65082e2","58,071,855.02","No"
"0x4ccd1a4030e5014eb7a10448c1a2f6f26d927478","57,554,748.55560805","No"
"0x65e06b18b5cc642c9a66833c08462a2f958d1c61","57,488,836.262575940586388844","No"
"0xaa0e69899cdbe82c28fe01a12a35a9c5d850ec11","56,816,645.0926","No"
"0x4f0f082ddb4c94c7ba994b43cc3f4ecf2dcb535a","56,546,953.14883393","No"
"0xdca8f8c108de3a612fd4fe619769a7dc306bce46","54,986,585.7431","No"
"0x01829f4c6496c2e54388c324c48cb2e2d1a5e814","53,333,171.55","No"
"0xfbdea22aca941d0053e2b1fb465c9a51972269c6","53,300,000","No"
"0xa2594b4d11bb79b78329fb42021a5c4899588cfe","52,246,173.9091","No"
"0x9ce32c472da21a26fb9f97c77488e40bfc943863","52,013,227.3952","No"
"0xae881d68dafd1cdca74f5cd96f6c5d10fb993d67","51,693,644.7562","No"
"0x6d816a64d77d13460e9b354128f01c00b28b5129","51,394,712.3049","No"
"0xc1e87fcfa3d1a8bed9058a4ef0e7fde08bd41974","51,374,600.03423215","No"
"0x71477994f506c829eed5cabc2ff112b3bd1d1d2c","51,165,183.0069","No"
"0xfde507ad8511ce21346cf980487a9d107296f379","51,150,234.9","No"
"0xb88ee5733ddad5385414779998d192aec1abd7c6","50,696,896.55082433","No"
"0x0d3f006e799ee07fb72bd3dc8d49213d6a2dcde8","50,150,985.1186","No"
"0x142d54e2c8707448fb894bb190088f4556e004f9","50,000,001.10439922","No"
"0x7693124b0af4807db31f2ce1d289ce2a6f2b4218","49,800,000","No"
"0x4e0e207c7871c0bcf19c7368b91b857ca7de80eb","49,800,000","No"
"0x07ba4fffe5847d0e036a5a5016c64a9e096d20e7","49,381,253.87","No"
"0x8835b7abca6a6351e000c57747edb367882a8e53","49,037,537.01739321","No"
"0xd691eff41d6b255d01cdbde285d5456aaa356a62","48,981,625.66501659","No"
"0x45afe3a9aec662e1f0db133c44c2ba085b3d8ede","48,597,965.23964337","No"
"0x3f23d181c96ddd3325fd3385e9b59ef0ec357a1e","48,166,616.86","No"
"0xb72d7bf118674c5a04fb5b389f897812ffa2a2ae","48,109,404.1126","No"
"0x661bf176c28bbdbad74963926fadec22a744f8d0","47,665,439.6727133","No"
"0xdeedf04d8915c935ce081741a3e01c39769949b7","46,814,639.4033","No"
"0x842242ef11c565591d2cf7b3c1f2a436787fede7","46,612,958.0425","No"
"0xd473fe075a79a8bf1fa3efeea0aeba546ee3d059","46,100,000","No"
"0x7b85675e080e6af981fba3f4afd028c9dce2116e","45,296,770.74292005","No"
"0x0f4434247725369aa9787d7d6033c656d8a9098f","45,165,711.48","No"
"0x1ff3bed38bfcff8480b60e6d928227c6f1e17a61","43,978,328.892","No"
"0x52de72e85d022281c05d5214cfcd54e6faa614e1","43,283,300.13","No"
"0xb1d3f4fc3a24eda0198a4524e0953f162eb911a3","43,271,323.0463","No"
"0x214207a5e15ffc62f882591e607b33a62db98132","43,169,347.83017633","No"
"0xa2d668a32aaf5b746494fd3b9f6637a8d093738b","42,231,837.41939235","No"
"0x130e00941698528a318d648d9af9038f7a1294e4","41,890,736.4497","No"
"0xb996fd7c0cd60a8aec4840a78971d05851d8af5b","41,669,528.19","No"
"0x2f3d56806676474f5524ce129013ee8f6eeb2d36","41,460,916.5945","No"
"0x09b40d2309fb0d0442064b2e5aafc7e84ab34f35","41,381,604.732609662486292892","No"
"0x543ea1898f0f21f717175fe3e4e03fd4752fc3f8","41,194,045.82437234","No"
"0xbc345588a9d57bbe0f79575dc6c316b8e1bcef73","40,414,005.42553444","No"
"0xf97df6383c3e0797d14641d25430e472f18347ff","40,299,754.8144","No"
"0x7f0c9670d9f5778badd6d5f9f8fd130456140308","40,098,440.077","No"
"0x7f0467279a21f04ae1dafa44d3eb5ede55add5e7","40,000,873.92","No"
"0x155f96784236ee10cbaf9b74bc7938a6e51161b2","40,000,000","No"
"0x19772abe8ffd630114e304bd27264f4bde8cdf9a","40,000,000","No"
"0xca3e03215fac1e4a5f8bbc401d85066c76473398","39,904,350.5237","No"
"0x63abb9878543a4e9f8bf175ccb6a6a9ebb58ed62","39,169,312.8292","No"
"0xf6fdc5ece079f07c36bf116303678f5dd0c3b590","38,965,758.46939931","No"
"0x6cbb64fd253ebbf484f39f112b1e5155eb48c497","38,353,331.38000084","No"
"0x52e4a812d45c47a8d2514206f31c8cfe9e0616f7","38,122,118.7284","No"
"0xff2201f1ca94f95044a89fd7f97398f5ceedbc68","37,932,912.19","No"
"0xb74301aa1c20eb7142feecfc2f308f5796ea8999","37,300,000","No"
"0x41c56c63870751a61293c23e46d2969651a7de87","37,026,439.7918","No"
"0x1d3584c31bab3f766b4121a9ff8801a335271187","35,910,407.30873815","No"
"0x075e2fa12fd3b6caef61dcb3d7388f2861772d1d","35,649,803.1826","No"
"0x89f70fcb9bc1a5e51342c5a9208ce6f9baee7c04","35,500,000.01923996","No"
"0xec492b0855ade4c3983428468bb994e2f60a15dc","35,179,305.347","No"
"0x2eed81eec5aa631e83b7340d85a178a24bc13121","35,000,000","No"
"0xd47ab340a4b510b846714f32d187bf5cb2666ca7","34,930,195.88754","No"
"0x9099f281b772c2b882a170431deddd495099c34c","34,918,490.97","No"
"0xb3f4ac7cfb632429603f61907c828fd74fce0bdc","34,804,310.6973","No"
"0x6ea0f63c25f88b55478eb4df0eb6e5d6948e2a38","34,504,495.96","No"
"0x5f96d886b374282942db914d511cff22b762b4c8","34,324,606.02793175","No"
"0xa5844d11f3bb3e0796c95b9bade84f7448414eb5","33,799,205.0461","No"
"0xc05e143d5eb9dec3dc84ea6e55c583c0ba117e10","33,770,384.04481331","No"
"0xa6c3997cc5a1dbfe6e72074424c2c0088286c71e","33,368,674.91","No"
"0x8c1fc775631b64cce890821b97432ca7316ceaff","33,351,860.752196173570699184","No"
"0x3c8c4311e349e7fe65e1b0747a0379fe13fb4921","33,190,080.8541","No"
"0xc0497408446d767cfe0110d4098b861151236237","32,223,873.5038","No"
"0x90243d2c4587d821ae808826c25eb12e6f8fda2f","32,060,000","No"
"0x2f615e2b844cc8a66797b3738f71fb706367fd4d","31,891,529.79","No"
"0x941a517042ad39156316a6169139c2dce9cff37e","31,806,119.6","No"
"0xfca0ef2ee09cf07a94ce6950c690837b21ed7af9","31,500,000","No"
"0xeb8a00bfd000481f2da6f3df01496cfe901dba2d","31,274,056.21","No"
"0x06a0ce4e301e4a9865585f3a73065f71796ca69d","31,224,665.37","No"
"0x09923c69a32118938a80c2bedd1d8762f638a2a2","31,204,186.924318082504950767","No"
"0x838a668671138c7e1d031a499dc58c2b95a5cc4d","30,929,835.20789299","No"
"0xe19985c2f123641f9c6d8bb6e8ee5b1949959827","30,609,898.1624","No"
"0x3fa24fb4c7b5027b2ec306349d0614ff6608ae86","30,574,411.047","No"
"0xc0317918db73227c482c0b6022cd3c24af7d2244","30,348,524.98647406","No"
"0x7645bd43e08d487ab30be10b6c9415951bbafde7","30,057,412.80691637","No"
"0x090e3f708fd0db57f26dfc44981e0d5b694a503f","29,022,857.5293","No"
"0x36bb8a019a99d65d6c05e51518cebae19bc37d33","28,901,220.93529554","No"
"0xc7b7eec266a0dbd6ba291d451821e2a72b7a850d","28,831,145.97167594","No"
"0x891765b65d691bd639287365bff7fe775dffd974","28,830,963.7274","No"
"0x6c94a3b9ac0a730094549781fb072e0453e7491c","28,642,204.68010024","No"
"0xe5017927159552dc81704ca09435154b87056d9c","28,339,972.5563","No"
"0x46da0b88336e8e291854802b832fecdd090e83bd","27,992,873.6099","No"
"0x2160b2d0f7d3c67795fcfa0cf8e76c7aed1cca59","27,815,780.70566887","No"
"0xae1cd63a9389fcf7f4c75bcfe4ea5a665a9410d4","27,727,852.88","No"
"0x250b3258f92a41abc4ba0c39613e0891094992d9","27,327,738.996","No"
"0xbe6c115965bdbb974cd776b8b216d3d214d72de9","27,272,527.47","No"
"0x093df5ca091d7b537f21e1708daed6825733970f","26,874,767.5989","No"
"0x3a3838334dfd5264a522ad5f6253bd62fa906157","26,862,839.0999","No"
"0x66060a192d06593afbd09cfa897e2c9ef06bcf68","26,683,932.5919301","No"
"0x04474dc33a5e59dfc278e36dac02eccc2f0662a8","26,053,938.81276048","No"
"0x75821c49fe42e54ce7a8b88708aad1e37d51c779","25,602,413.585203208468579016","No"
"0xf0346aacfd2d0472f053b485661d9cb4774b730d","25,364,886.8762","No"
"0xeb26902eb9177b252e5d9b426bd86ea23de8928e","25,360,000","No"
"0xb3f805331585bec92b8d7b1d09e20b4486a50bdc","25,356,481.1949","No"
"0xbab5fafb4be29c8d2bf1b399dc43c34e39e8cdf9","25,286,787.047306786666399192","No"
"0xb28f6a6a52caae0ca23f53f7033e452a6530e043","25,249,964.87","No"
"0xff6041941ebb22cc067a47a73c0dcbaf78e6952d","24,964,358.27500401335258941","No"
"0x12844e9df83fc34b13c426e64a8d6fd65ddf9d3c","24,490,504.72","No"
"0xc20bd2b68330824e9d863b18315f2faa31ce6711","24,179,344.0045","No"
"0x0cde85455f818cb9aad901e5f2df9676cb3ddbf7","24,094,232.72","No"
"0x9abb5b47af0cc1b4f2944a6186c3be700ca6ffcd","23,928,342.29","No"
"0xf8fe4da6c88f4265eed0bd1043054656498ec8b2","23,899,639.125197404556708484","No"
"0x11eb3bd628f316c0ca8ff607bb830f68b0d1665b","23,631,818.5555","No"
"0xf0b9f0e7e59d72ba2d31d1260c51fd4b573da298","23,620,047.4358","No"
"0x6fd9b24291c77994ae601d10bf1196322bd3e5e9","23,564,648.51","No"
"0xd80959a4e4a1aabc9a9bedd2c3dd49f3ef3e9eb1","23,512,081.2678","No"
"0xdc9c759db06fe588c97d7f8511581479be437e39","23,355,271.67","No"
"0xf861ae0e236cbab43c73c7481feca08a46ca1a21","23,321,700.3","No"
"0x5a4479a2500f47d36e9b6093fee433109c18e981","23,307,650.5106575927","No"
"0x1e600795c09ac1627d438d52a73c4b1acc108e85","23,268,323.62916033","No"
"0x0b2730d0c0fe9102e205684b44eec1ff06156c2a","23,128,616.99","No"
"0x8e6b5a1a227d92e9de97b3f295ef966f0fb7e28f","22,931,146.688","No"
"0xc4a9530878bbe33a81b865f2c9fa20f380c40367","22,881,180","No"
"0x0874659a31408c0407513dc7be2535726476fbbd","22,509,353.42","No"
"0xbcdbf4e1a3ee2d016b5940daaf6d228e6728ea54","22,313,401.034","No"
"0x909b4e9b330dfac4cea54b1cca08194fce628402","22,050,000","No"
"0x5ca69a8a9be372139a2fb55798bf4d3125d94f48","21,786,017.86861475","No"
"0x8854d91ae8ae9c3686d68c79f2923356c6f8ae33","21,530,972.488","No"
"0x5be4a3bf1a6727bb754c9e23462c8243dd4937d0","21,526,303.4604411","No"
"0x87954f0f47407afd79d3779421ef091269dbaaa7","21,419,373.17472695","No"
"0xb3d1c416587311388755851425a46ec209f3a337","21,240,772.10926591","No"
"0x7bfda0775cf52dc27846558ee858c63fb94bc5d3","21,209,719.6","No"
"0xb096fe26a7c28b539ec9d6fd9674051e393346e8","21,000,000","No"
"0x4f4044c38e535aa34d9d1d818e19f0dc32eb8db1","20,900,682.7911","No"
"0xa1a0627c234b6bca6eb4a7a61b641b975dd7c235","20,850,210.0247","No"
"0x81fcba35f719bdacf96b931732e2637f86e65a57","20,682,465.04489077","No"
"0xada46ed4cbf7dc0558640db7712ae1aca972d068","20,292,041.1","No"
"0x5c0c20e468482b5d9910569a65d394d769a8f4ea","20,258,917.34","No"
"0xf8bb05230c0ca8bc40a886d5daad0f546f130fa2","20,192,192.17","No"
"0x00a26ec09b5dd4867b541dc36be10970f7520cb6","20,179,828.96","No"
"0xa13df8a238e9bca5d9f191052a6ac6b91c2a4afa","20,174,839.1324","No"
"0xb8f6428f827cdff55718804d07af6cc478ea2942","20,146,486","No"
"0xfbeccd8358904e8e5b784a4b443407b77d44e324","20,135,584.8539","No"
"0xe5b51e465d1ffe643255e3b5114ad7e0feb65ef0","20,097,675.34","No"
"0xe9b8337b63996222f2b8a33672e3a9eb314313e3","20,091,885.48","No"
"0xf8b72af546bf0ae3df72daee7a625f6162c210ca","20,088,977.33684722","No"
"0xd05ed977406e1ef8d7486479f4b8bd6e4a988bf7","20,031,882.12154233","No"
"0x75624ed3316024c80a7212000d8fce28af06fdea","20,030,164.5345","No"
"0x7fdb3ba4c5d62bd661cb52646e4f12f93242833c","20,029,320.5939","No"
"0xe93559fda86b84d63e52abf0cd3ac95cfae3bd6b","20,004,896.6819","No"
"0x6899573c1ee4939cc13d12c91135df29bac96139","20,000,490.52","No"
"0x1b56651023b0f5ed8f97a23a65de03933bcf70e7","19,978,080.8545532","No"
"0x3a3405553bd223b1fa263f44cca49abe7716d64f","19,960,706.3816802","No"
"0xd8f73e97ab37f2ee56ec108ea27e30747266d839","19,950,000.2683","No"
"0xe9503d7b845a3e0b7356782ee4361d4c09e9a64c","19,840,000.83543439","No"
"0x464387884c6629f5e08e0d7c0fe9ce86d708abdf","19,825,678.46","No"
"0xa29e2f1f55eb1151f6eeb64004adb379384a2111","19,591,982","No"
"0x80d42ddf5c0eca0b4a87775487b1232738f4aef6","19,487,017.3396","No"
"0x673bc5bb2c9b50867c1283f1d348cf318eb78198","19,407,087.26","No"
"0x9ef023bcd7d18fc09982a0d55179bcad75d26034","19,235,855.17704553","No"
"0xa47e31ced6dab7b05c4b30f4a8cec80b0f5f7508","19,080,994.882","No"
"0xee45a802d83989b5e0494333f090cdfbe7b4c1bd","19,001,893.05","No"
"0x8fc9b5be2d5a2f47b3ca9ffa57a49a3733ae1ba8","18,978,520.20622225","No"
"0x7133a8b97dad2ac938afcc8ecf51d0510d2df998","18,809,270.91","No"
"0x7c7b69ad85b083dba5b7d0367716a5554b4276d0","18,663,400.29435089","No"
"0xcf2f6b1217501b8f7b25f2f22b7f7b313b2483c5","18,520,024.1085","No"
"0xfd5a087a99f22df71ae94aaa4af5e3ca21043bad","18,495,757.53652599","No"
"0x8f1280e3976bc2f53a1c8ce11b3ad701b6a04f1f","18,022,595.00897444","No"
"0xe3c5be472275c486c76882013c0fe53e65494d08","17,974,520.3823","No"
"0x8e884089f642ee9ed63c5ea457e40f20ead73d89","17,885,277.605345468663193293","No"
"0x2f6f6a9d9d6879d9267338d1a08e991a938597e8","17,847,992.53764888","No"
"0x0d4e285f7fbf7dbe65355bb19f1f029204b1abf3","17,729,018.3172","No"
"0x73f4e50a76825dcb59ada1d05ea92d97e1e2b4fc","17,462,179.48717949","No"
"0x333ea95fea601de6f23ab96737ae8d0356135fcb","17,456,969.847399994848783035","No"
"0x6e1a1fc7eca6eb05e502fad53a2b642522bcc043","17,434,272.47","No"
"0xd8af8759e72895df5594f261771be84a242c29e6","17,356,349.6887","No"
"0x4888264a701d02d26dfddfb5f94762d43509be73","17,233,191.6693","No"
"0xbd0e84813a9334393b427a3bed4e81b616ccbebf","17,152,056.8","No"
"0x7614346a7b4fb0d0a0378a8707a8e8ebde430877","17,128,336.8027","No"
"0xf07f7da6381fa11a4b47ea31164828a1bb9cdeaf","17,126,779.3178","No"
"0xda1cefe89dcf5ce173c51bc4d2be89f154879f54","17,000,000.20811254","No"
"0xe9d9759e5c6755eb12d288abd7737320976cb16e","16,974,286.917","No"
"0xaf1e70ee65ff3cd691eafe9fa2413d9c144a22cd","16,953,825.6216399","No"
"0x0bea21ea25534ea8c43d015d21cc287473fecd42","16,871,362.024234726750329231","No"
"0xaa42b8013a3757e887f1e4030ccc4caa27cfcaf8","16,692,272.215976873800168881","No"
"0x2a46c9a34b50797323b280aff9d03db5fb0bc646","16,643,256.1387","No"
"0x9c16360f428ccba7a32163cf3acf5887c2c78661","16,526,329.2623","No"
"0xfab5056c364943ca25187e454ff3c592f3d61cc0","16,522,518.802586053877791662","No"
"0x687715c118df1c3865cc1df11a9cf6be54c17c67","16,423,396.47890747","No"
"0x0fa1db4f090f911585d08286d58b6ea141292ba9","16,056,786.52","No"
"0x6bd9223daebaf9ba3a5d6051466121e1c7a9013e","16,018,000.9317","No"
"0x43c932c0eabf4dcd422f05a69440ae20c0467bdf","16,009,675.78","No"
"0x4d5c565b6fdc8c17fea752e45e385894b312f936","15,974,218.20590409","No"
"0x265274fac0906c3a3f4377d3f0d813a19ab84141","15,966,737.9571","No"
"0x1f4db09419887c29650c0f3c1ebd0c35a6144378","15,749,406.5268","No"
"0x167fb839595ebec6111ea94d9f477ea1e0efc41e","15,740,514.9054002","No"
"0x1e1e323c0d1ca314408d2b8f63f9c9a6863ce4c4","15,629,348.321071580763600631","No"
"0x0931ccf37d7fd3db521eaa65341b1893923decc7","15,601,918.36986106","No"
"0x1fc6d6b9ba2b4f11bc59483ca061b9ad1ce52890","15,576,432.0011","No"
"0xbd22182954287dfe1052130af8ea91529195395b","15,542,697.2805","No"
"0x58a0dd7746d82cc78c17664f8be6bc3881ecdb85","15,484,764.52","No"
"0x0b05f01cd3637060ad184ea0bd48b24a0e99ba4e","15,473,532.2002","No"
"0x49a8ab7652614061272932cbbb2d220ded9a6c6c","15,432,363.15","No"
"0xba3e425b2e504d193dc0ab1c7a21d09c2b662e72","15,382,525.2805","No"
"0xe98659a8b97f96b3e915ffc0c06f8a3a58168ba0","15,275,624.1028423","No"
"0xabea95a3bcd2f72c3aed6a7a6263e047375ec861","15,206,612.9739","No"
"0xb817797d755a9249e1a99238bf0cdac7f762ecf6","15,150,000","No"
"0x50972a7e1869fcab17e728d0aa0739f0c141d5d4","15,147,304.3782","No"
"0x173fa166218243e022db7273a3cf1c8421b3c625","15,005,614.60465277","No"
"0x7be22b70b505bc9e9c4b4e2ddca9624b52165705","15,000,000","No"
"0xdae039e51a0d0eca5c9eb88e5f560ef6037cbf61","14,975,903.554","No"
"0x4d4e1b4b15fd29130f7672b0792a5c1daef743f8","14,960,003.31","No"
"0x01b7d19c271ad2ac56be66ad82d0ef1c27265a92","14,930,000.6508","No"
"0x3bacd6390a0bdcc85bcdb2cfa3aecd1fd62b412a","14,781,591.74","No"
"0x036444c42b9ff4aedc55d2dfa87b37fe94c0c5a9","14,750,549.97","No"
"0x5de047371f414ea2acee5361c07e36dd6f2deadc","14,742,942.24","No"
"0x5850197edadd9ed383dda98cec6ae167da9e7025","14,705,595.96511088","No"
"0x314a8ec464d20ef43251e9004465b69ac2dadadf","14,652,014.65","No"
"0x5b4e685016015605f31db524eaff277ec98b1fd5","14,563,550.6456","No"
"0xb66aa92d1d3a6d40fc763955bb8310d6450ed82c","14,425,372.6712","No"
"0x9c29ac54960e8ffbfee2fcf2aca6ecd3a9214cb4","14,327,433.12621428","No"
"0x5e654fab3a8dab6ef4f0da5c7e3458af3cd4b794","13,838,327.47944828","No"
"0x1634dc734782bed74a9b09bc258b76019095787c","13,820,552.4","No"
"0x4755f5549f70fa8c48f0a13c3e9d1564d465b7f7","13,804,843.44644453","No"
"0x053c69fa3e22ea9d0d4dbd7a193416ad1e54f10c","13,802,377.49263408","No"
"0xc8ff8c9859e72bca6dcb14195da0518cd04fe44b","13,612,403.997","No"
"0x72e6d3c4ef524781d158f321e8f1a6a0de8bd14f","13,571,686.56","No"
"0x463231d01bf02583265b97f683653e838af55ae8","13,528,737.50549451","No"
"0x82a7ee864b3304219a56d07bf3d82eab6d7fcb9a","13,487,226.067013580496498722","No"
"0xc6da3e0baba3076767899a65b5d160159a6faf6a","13,278,413.11","No"
"0xdf910db8ffb90a3cbb1a43dc2468dc1fe8ddef6c","13,278,380","No"
"0xf118a1c8f601860b8228e450a6316f8a6203d68c","13,234,797.5","No"
"0x55b5303447ea7728303c124dc7f3d84663340a2e","13,199,733.471","No"
"0x47525623f3b50cfceeca3fee00dd7a5e9af66406","13,169,087.94139777","No"
"0x9db9a93ef15ac91036cf0e42c1e1eca70d696b0f","13,140,807.1981","No"
"0x029ad472fc017b2da34f76da67d4c7e6b0ee1e69","13,065,477.07","No"
"0x8d4fffd29023c0e67f44b0971387b0f045795f8c","13,051,414.84","No"
"0x6241a18f13261811ceb998ababac1e8082c5f751","13,040,392.1351","No"
"0x6915b3522385874a99bf8ebcd546c72f85f6515f","13,028,815.1408","No"
"0x45b3c7b8ae6a76c362915d6bc8cdabbbecc142db","13,000,000","No"
"0xe8403f9c8f09cffed99f7d81bd5c614c74730c8d","12,969,163.8529","No"
"0x94dc7847d40873fc0eec668598a7a19d6f927638","12,959,326.51","No"
"0x778b212449ac32225697e42161510652bacfa601","12,900,311.1233","No"
"0xcf6f3535409a97c4bbac019a02ed471afbfbe8d9","12,833,755.82","No"
"0x009fb719e2cbf58a9cbd1158592d152ff372eec6","12,797,395.571","No"
"0x73b5e303877f9ee1ae3626b48832db5c2a86d506","12,762,809.49642143","No"
"0xf878b0b430c9bddfada7bf5addea3ec84ec3f43e","12,704,716.33217943","No"
"0xcc53dfd584257bcde5d4511756d7bf189b7e71bf","12,655,833.3683","No"
"0x8e3aaeb4999460fbf6b1773ca98a35f23421c100","12,539,947.428862105479108024","No"
"0x2bf3236427ef7000dace379b6d602fc2999e4256","12,475,000","No"
"0x93b99bc138b7e387383c809551164804929c04cb","12,467,323.4171","No"
"0x6612e117ff3cedbbb567e10c72b193933ce135a3","12,420,000","No"
"0x1dfd091a494642712163f10431479aedbbd3de15","12,415,903.92696193","No"
"0x284278b82bb9ddbdb43f9c2df227099911fecdb1","12,394,736.651","No"
"0x74de5a94bf70f9e29370cd34ce87cac1bb6ad872","12,372,441.11429918","No"
"0xd872ca0f97d349347266e7ef88e50c83d822486b","12,295,288.8274","No"
"0xebab55f41475259deb1e377a57003715c3d44f24","12,291,448.89583817","No"
"0x9ba3560231e3e0ad7dde23106f5b98c72e30b468","12,269,544.93","No"
"0xcc86e194410b63cf491b46ef527d2272c16aaeb0","12,252,132","No"
"0x0e1c5c6600c06b08e0a5bac8af6b883f2348452a","12,235,492.5797","No"
"0x3fe90e9a03bb957a9e8a6dcf6b894c3b010e7984","12,227,543.4176","No"
"0x23c62c0ee8b4b9354950c32cd266fd199d8aa809","12,214,576.06","No"
"0x4d890ce5f116a3f965a36085ac732afe887fd7fb","12,047,063.1077","No"
"0xf311e4ea9f891d1311695b5830462efadd3017ba","12,028,211.1915","No"
"0xb79dca247c704bde48ce9d50af5d08282c1ac517","12,005,564.0341","No"
"0xdca306efff0d9ad9c27a6e4db04ccacf1cc00634","12,000,000.18","No"
"0x840edb73fecb8ff7e8d13fb0e871a5b45ffb5903","11,970,566.8827","No"
"0xf29c84a7078baf212afdd174353c4f972e75f480","11,938,718.74725232","No"
"0xd650294f77156ce92498aa27df78d162f1fef11e","11,924,816.4217","No"
"0xc2cdcd946063751a7f88444533c3823d5b821601","11,920,000","No"
"0xabcbbf55df9f2049ab1672c675c5fad3951fe3ff","11,911,182.3657","No"
"0xb732e1754ca477e257e2908a87919cafc5933583","11,881,217.34","No"
"0x911171cf4544ca2587f6a08d6d2d17f0a7e9b828","11,868,248.0023","No"
"0x81a80f8588d395eeb863d7d32a54b5fe607a58de","11,815,077.208559211424776221","No"
"0x24c7bedfba5728befedba2c75d25c26171af84d2","11,794,060.1024","No"
"0xe86f442b8fd66597d7d468744c8d3f1b6236bae6","11,753,543.6845","No"
"0x1a5db0e487592379209e40d36cb2c135fe8548c4","11,697,694.17","No"
"0xbff096abe96c6cd958951ee4ee3d1419f25d9df3","11,680,858.0926","No"
"0x83c700ca556b233f00b0cea65e025086de57f0d8","11,630,548.99460502","No"
"0x1541ab4a750096781c13ed8d734f338f85382a49","11,538,155.02320515","No"
"0x6271bfbaa6281a0f208b02f40391349d8737aea5","11,487,866.675533","No"
"0x4d249bc5f0656cd55250ff15c40f746e0660d77d","11,419,407.93","No"
"0x97e604f6c083a03e080cc5b326be98ae3b2b0eef","11,325,985.5724","No"
"0x90c26972bc604a7e1177cee7961bf83789ecc03d","11,285,972.62990026","No"
"0x427491d6da3f6baca9aeb384d7df6708af8e138a","11,230,392.08","No"
"0x3b951d66cd520b7dd5297b7122212669aef6119d","11,183,844.0682","No"
"0x0d37bf2ffebc167186cc983eccdaed73251797bb","11,137,705.93112888","No"
"0xfff404dfbd82d67301ec04c9a4924b10910e11e3","11,100,761.0864","No"
"0x8ecd10d6a751b1ffe6f5cbaccad4d3655611367e","11,100,000","No"
"0x519800e85239762d6071f84fe553dd12f8f46870","11,071,135.28893354","No"
"0x822b4621dcf1c0450943ccf660e55b1f2617319b","11,026,281.9831637","No"
"0x3e80f804134c59391da86c65bc16624bd3002b57","11,000,000.018535939969152343","No"
"0xf528982e47a5119d45f6e276db4556be94839c12","11,000,000","No"
"0x0a92fac4f9cf720991dd8ad36de1831c1f873304","10,938,584.89068911","No"
"0xcdbfaf884baca9cf7b7ae4c95762f1ed5874f4d7","10,910,135.41062929","No"
"0x3b574c181b04dc12fa010dfb4323130f5055de5a","10,837,175.059","No"
"0x1994f0bf50d630fa2d6550a9a3dd258371080a8a","10,817,716.52596294","No"
"0x6f3f7c21702cfff6cf0578aab054ea7c6e118e50","10,799,480.9861","No"
"0x2737aabb1ca88cdbf366330a57ae1dbaf9da309f","10,764,834.05","No"
"0x43c76e0d77dfade157600c1ed662747a9bca57b0","10,687,764.42665233","No"
"0x2c853f8eb517d1d3aa650ddb20d76e8dfdd7d295","10,611,369.45","No"
"0x8241c29d712ba3eafe340469fc391d8c461898b2","10,550,603.0534","No"
"0x132f8c6557df3704160fdcb92aaec2ebdc84f94b","10,546,214.46105782","No"
"0x46edca4bac587c0a8ccfe974df6e06e0f7c45897","10,526,076.3994","No"
"0xcff783715fe89c3499b88cf0ec5d8f42b5880984","10,399,963.83","No"
"0xbb6a695db9e37676ccfaafd2a8cd1fd238efbd23","10,396,301.1304","No"
"0x65b690527e783892eed5bfc6a5e97101accefbd8","10,369,785.5144","No"
"0xa7103f5285b06ff4221790e59f38fd038ee4bde2","10,335,651.88","No"
"0x2616beda2c363c0f2252d2eaae76f5bc58eed25f","10,335,235.34615651","No"
"0xb2cf9655cae6bee9c10f3bee2a4b8b321522ec34","10,330,345.1088","No"
"0xc19b5a99753a0202e586aa626f118145f4eede12","10,325,977.1513","No"
"0xc7d33474e7f530a4727a8c934e87b1f3e9143940","10,307,034.80242561","No"
"0x87ca8abf2065ef45d26bf3ede82ff9a601877023","10,270,764.09","No"
"0xfd9beb0e70baaa55d9ada653bb29389060299fff","10,254,219.3991","No"
"0x6b2ef94ac71d309110b22b4bb30ca6d1df23365f","10,247,284.1325","No"
"0x4956fe5a08dbb2974935cde9dd0a12da1349b6b0","10,239,534.78322185","No"
"0x2f0567ec5e3e7df048bbe6cbe3da2ee749c1fba5","10,225,850.0235","No"
"0x1b7ecd4ec6c0f954d4b54dd743a35d9cb872c479","10,187,789.8709","No"
"0x6477c82a65d4a27b1b947cac3744f0fb5b8233a9","10,162,319.1841","No"
"0xe614076015f2032fa5c19c5eb31a9fe422deb86c","10,159,550.34","No"
"0x725958452cf06c04d4bffa537262c71ff29c4299","10,152,780.67329335","No"
"0xa8c013b29165870063aee9ed812d2937bc4588da","10,125,000.0181","No"
"0x3246568d9b9c41670f67b5cbe7e8d5585b881492","10,111,626.82","No"
"0xfa411496e040474a18bd14a6929b2bcc84aaa8ec","10,090,666.78332169","No"
"0xdf7bdbcadfe594c87c746b58252af3123d7a104a","10,084,167.6336","No"
"0x5a7e6454585d7a826bd1991c761b2e9ee285d2b4","10,042,832.78700706","No"
"0xc62ec6ac67910a9d46b2da9b9bfcb0e2b8cca2fd","10,035,995.1599","No"
"0x3d5316b25a1efe4095c2d6e5c0fd62c2d12c18ed","10,035,000","No"
"0xeeedb6a805c83f62b1bae085e57d1f76382f8f11","10,034,062.31","No"
"0x3a572a6ca923b51c8726f619553efada892e6169","10,025,333.5045","No"
"0xc2f2125aad276402001f41d4614e71105ba1c82b","10,004,216.8982","No"
"0x39c2738715f15a2f64c26fa3136e572b950f5269","10,002,000","No"
"0xd4b2b41bf8e6d3e003c6ab05002c21b5e16e277b","10,000,999","No"
"0x0caef3fe536f9d2f68b5eff7a74fbfea99fa40c4","10,000,000.789","No"
"0xaeb879fbab8c2396314240ede34313f5ccd912c0","10,000,000.666","No"
"0xa767215490556e83ee46af18c2b1ef6f246786f4","10,000,000","No"
"0x03fe1a201a6124a9d96686f00ca942db3681dd30","10,000,000","No"
"0xed98d1f9fd7cbe045517eca4f4b4d011544aa692","10,000,000","No"
"0x5ab4b5a9aaf5598be1b43f5d75911287c6d347b2","10,000,000","No"
"0x28cb43edabf55fafc7551e5ed7ee645c8a47e767","9,975,000","No"
"0xa9d7bd1b6fe44b0cf7d407c2a366fa1ac580ba95","9,971,416.9365952","No"
"0xc3d9980fdbf66de263a7513e3cce8b41e697ebd6","9,964,452.1233","No"
"0xf920e4f3fbef5b3ad0a25017514b769bdc4ac135","9,952,873.61506393","No"
"0x867a7916e94152a137dc69992bda9d1ca8bcebf0","9,950,900.8033","No"
"0xb8e0dbd2e2c449b4365bbe46769932e67dd99931","9,950,000","No"
"0x3fb39db5f14fce1900dcf98162747c90f1b3c37c","9,930,000","No"
"0x8729c825630a7c6d25d8d82b1c388b55fb5ae4fb","9,923,000","No"
"0x2dd054360774717cbfaaf56b76b988cca46b5a90","9,875,844.383","No"
"0x95a7cd158a8bf345d3e861c7706fb992b07faeb0","9,823,904.49928182","No"
"0x3a858cb107c3697866ccbfa3b1cbdd3f09803d29","9,812,103.0441","No"
"0x66aace182e2ffb82851245c4d0c0bf2463f3016c","9,804,309.10135208","No"
"0xfb91b3bb60c4d460ee9afb8d4ada75d382eed3e9","9,727,783.0763","No"
"0x63e1b4d4484d6dd045d40c83f53719aeb36031e6","9,639,539.4966","No"
"0x26d93facac6e3250935cddd62ab9fb1989a1691c","9,630,142.2028","No"
"0x2044d9ec36f30afbd8679988fb7fd3d987c9dff0","9,606,662.781638","No"
"0xef0070b691a27536163c5eaa7175a8b1d2f6984b","9,560,810","No"
"0xefd6582cd045d653b7da2cfe0e58d070051c1e11","9,500,124","No"
"0x5b5d3bf5b67138e31f85bac7eb0cefaea43a25a0","9,499,779.666","No"
"0xa3046d125d4bea0d3ed8865fb9d5fdc63f7e0550","9,486,759.1316","No"
"0xd829bbb19228fb6cd571cabda3ac55fb5ecdb136","9,473,601.93498712","No"
"0x95c4f5b83aa70810d4f142d58e5f7242bd891cb0","9,454,841.582287730199914992","No"
"0x411b741138166f1322129d0c3c74d934afc4e5ef","9,430,773.95026935","No"
"0x32db4d65108da61b8aa037af07db5fc6556a937b","9,374,562.8936","No"
"0xb575dd1405d1962d8b3aa423b1d2bf9f02b4fcd3","9,328,131.6011","No"
"0xa51e213f6adee1c5e5b12ff0eaf91866cb14ee0c","9,318,192.496543567236711102","No"
"0x89276b22770917c557daafa8aa1f37c187eb2afc","9,301,771.7641","No"
"0x6158cdb03d261d5a63ba18f960ee43179dfde0b1","9,248,023.9265","No"
"0x78ac8605778d4d30ec83bbe7145e882cf298951e","9,209,948.56690324","No"
"0xa563cbdebba632a5c6f95c4368fd27c4474188ff","9,152,664.608","No"
"0xb9486e0f8f6425910136199cb6082071579d1d22","9,148,870.78821662","No"
"0x555ae3228b9fc1ca8228bc440191e58e7a41cccf","9,084,712.6457","No"
"0x5446dc436b37f8fb7cd244f7642b2efb31a645f9","9,028,129.11649691","No"
"0x69a7b2819bdf900e5a352b2473170eb370974099","9,026,271.925","No"
"0xf0ead0a82b39d2647fe083d75542a589afb60144","9,000,799","No"
"0x6b4c25c75ee91597cc0dd9974614f4a2a3ee7f83","8,966,876.58","No"
"0x638fe2f7d04dc2051f194c971a797791d8e86f78","8,965,544.488","No"
"0x3f3f291307e0e47761aa5101cfd4d7f2fb093889","8,959,485.5659","No"
"0x3ab2a614c764f88677226231a66e83d275615e0c","8,928,533.516","No"
"0x691b8ac1757e580485dac20573832846c53d1d4c","8,888,289.6581","No"
"0xb3c501d076e4128de4af1fca14db51ba4a893f11","8,880,000","No"
"0xe5ae83dcf43196a942bb2b9f3c700854e59c3fae","8,854,884.8761","No"
"0x9dfdc98669f55e82186e440ca49df5a86039c2d9","8,837,138.288","No"
"0xd3933a2d4a1f9ab6c699182559b2e94bb8bf9eda","8,775,878.22","No"
"0xa3c8fa8236ed00bfc2c995bcaf9d56ab5146b397","8,748,218.17246907","No"
"0xebb6c9c7059a55a0f66d9043b905975e9b9ecffb","8,710,540","No"
"0x8f6d744c50d5e563eb49028b17544bf01385886a","8,703,584.45","No"
"0x2940f68036db2c51484a0547b5896ea18da3689c","8,686,355.203","No"
"0x59d917241b55a5afbba3b4f91b178c058cab9fb9","8,634,229.663","No"
"0x71a9aaa539095bb91934ff6c4c570533f6668b54","8,610,546.51975735","No"
"0xa53ec1c566a611cf1a0ae0b834eb859c65c0d721","8,597,360.1495","No"
"0x139d8deaf01b1a6344c070d8c19889b81921756e","8,535,264.1935","No"
"0xd8812b8e86da7c126433ba1dbf84000f189507e4","8,450,798.1426559","No"
"0x32838d78b55935d58832e41d1e142b61ff42f536","8,406,348.3292","No"
"0x9f8d0ea190dadf261a08408f83c2c7ab2f925ad9","8,315,437.26168118","No"
"0x912beba0c89e517aa0d079d4d79b36bc7ab7e4d8","8,311,112.979","No"
"0xef19ea8a18769a2a2d228efd775aa8e579977cc3","8,259,187.6456","No"
"0xb3b759b1f7c2251299c5a7844f2ec040ad5f087b","8,234,163.4228","No"
"0xa79f0014b8bc4389e39bc085cbe1e6ab5900ddd9","8,161,005.857","No"
"0x32046c730e77396f7dac6d8738c567e8291a1b12","8,154,937","No"
"0x6785677848add309222aca3778ca283b8b4bc25e","8,150,000.605","No"
"0x63296458ce77e0f0aa3246ab30c6151452c4c800","8,095,524.4049","No"
"0x669136228ca763781b2d751229c843a74f54b472","8,073,985.619344557062333553","No"
"0xb5a1f64597abbbf27b4750e04dbfccb99054cac3","8,000,000","No"
"0xbd99d6b11db02bfe2f71e841aab6205742abb3fd","7,999,444.40506938","No"
"0xd1d606eb2669d44eb3ee6e2b2beff33db972bfd3","7,988,558.0043","No"
"0x133685ad07e9eb8daaaf777fb7d233db1acf6137","7,987,871.1949","No"
"0xf345fd140c44fc7556ca9d521ffad6a97f25650a","7,986,111.1","No"
"0xb462117662af97eab44d425757216f9ee89ec89e","7,952,907.81176652","No"
"0x3dfef16d0b46c88829c8b477581b63099db3a873","7,950,500","No"
"0x85b3c6a7b216411cbe532546746d7fbc010f66cd","7,946,156.0941986","No"
"0x0f70acecf8d972dfeeb3ad1b1383ad8daf86d965","7,930,836.13527039","No"
"0x4b761d55eb1a64a72b240e24da95dbbb124a2d33","7,918,712.6194","No"
"0x7700d6d4029d122892789aea65b4e9bda3ee1551","7,898,513.8083","No"
"0x3aeaf97ac2f1bd9123efd5edb610d81e47e2098f","7,883,226.9698","No"
"0x1ae69137efe39bcb14ecaf8188569e980906716a","7,879,388.6239","No"
"0x2fa58bffcaa485f886ee8b8363d51aae8942506e","7,869,411.451","No"
"0x746ecec19f53b3228516a3829a86e74a968a4104","7,865,391.3026","No"
"0xd8676f36da9ca52e69fdb42aff38be36ad78bc93","7,832,329.6857","No"
"0x697820ceecf550505f348a485de6dfeffa02be97","7,832,007.517","No"
"0x0e47d7a75fa9215f670735d8fe475493568fb2f3","7,811,031.29530537","No"
"0x6fb600b1de7b3061f85716fff34627485ec4eed3","7,810,000","No"
"0xa254c235608ab0c22021c28b959e5faae713309f","7,775,243","No"
"0x7a2a8ae249f05dff9eedfe17e78f6a0092ece928","7,772,092.075","No"
"0x4ab77f4b53b6eec9c1152e847dc3a7719652a57a","7,763,698.40522665","No"
"0x4a3373607a4e7fe38f18ebf14347c68174efaf37","7,644,638.082","No"
"0xb837f929398d2041c9528f2bd149f9a998df17db","7,586,436.1087","No"
"0x371dc284ec1e05b41f55edf7b991769e48634ed4","7,572,142.994","No"
"0x194b8b0e85dd4fa84de78a0f46a70bb2ae700ba4","7,562,688","No"
"0x5b4729cc01cd0cbcaf475006efafce5760e3e8b9","7,553,883.75003286","No"
"0x6bf0c14db7de21424b9af96aab0856be4f5c3c01","7,547,508.6637","No"
"0x3e06a07cce2a4ba10611e810f7b07be4790ec7d2","7,536,017.36503486","No"
"0x886d3149a2ef277a7d70a019590ed07390ac125b","7,520,327.5785","No"
"0x7848bf75e140c39ebd631cc4924c05cae6917f41","7,510,543.9661","No"
"0x009ec25deba9260a839d5455b96a7e33fbe2d732","7,500,000","No"
"0x7fade3ff551726ab6526a50bfb27c5374fc9254b","7,491,064.75186139","No"
"0x0eaee678b3b062ca96416e933b581e9a43814c2a","7,480,562.4809","No"
"0x96896f14ba313370d4fceb4b2b123215fb58b494","7,458,454.025","No"
"0x45123a3630f20e96546bdd08521e71d1fa1a392c","7,300,000","No"
"0xa86ef8ae208a2e2ab92393ac19ea1512a27d2eda","7,265,881.8215906","No"
"0x31409cad8d26dfb07a9011164a2888541c8ecef0","7,264,916.38658081","No"
"0xd95c1f3ed56100a917153d4bce10848221e3a7ce","7,252,747.255","No"
"0xa43f5847754d850b41e0e7ef0525ee2f0d909890","7,251,089.372","No"
"0x484ed15fa694b1d062abc68694d0e5ac198f3ec9","7,237,396.74393","No"
"0x6348873d006ae95fa61453fe81df52c430c8f07d","7,192,236.8574412676","No"
"0x47bc1be2c08feaacf4fff6f1cd7852bf5d7851f1","7,173,674.29","No"
"0xb064940439c163a429c4f4b3e573a8c290d694fc","7,146,020.97","No"
"0x1884044e2e65f10a82180708f0350997bc2d25e8","7,143,563.6","No"
"0x615dec5a487a8fed11dc986ffbf1d7309c2a5a2f","7,072,233.4553779","No"
"0x13008610f7e74c73e000241b9fc085a6c26dd6ad","7,050,000","No"
"0xa21a91f1a3654b897b08e447ebeba3dc7d6ed1d6","7,036,188.6071","No"
"0x0baf79e780b485f540446f6ca730a15fc5a8a5f9","7,019,671.6441","No"
"0x2bb8e39d593179f2d58d8d9e7a225aeeb986931e","7,014,243","No"
"0x3e766825a8cc1280bd1b6757f389de1c2036373f","7,004,399.765","No"
"0x840f9d5889f2a1f590d2c6a800effe49697dcb92","7,000,382.6603","No"
"0x358e3f32d98d1c5681426b92295b9a12586eeb42","7,000,000.00005696","No"
"0xd984d8835794ce43dfd6ee90136be97508872340","6,999,731.28118025","No"
"0xd993df3a554b37e20b93a4481ce66c42a5b38563","6,987,876.9122","No"
"0x135450c8bcaa551cd740fd451ac9f041240950d8","6,975,995.89831661","No"
"0xae3376dc97dfa1e320b74281aadacc2b09300ecd","6,975,000","No"
"0x375f524099453664c23b9d7c997a0980fa572171","6,960,000","No"
"0xba88e58ce4c4a662a7bed29c220b981bb0a94c57","6,908,795.8288","No"
"0x31e6916c074e78704e81c899808fc9becbf85e05","6,908,437.932","No"
"0xc79136586a4da425ad45791c874e8ad8062a3fbb","6,900,000","No"
"0xbcced4eaaac7af2ea77aeb84e4fc5a604748927d","6,886,760.616","No"
"0x721e436442a492c5cf10ef0048dd45a55d48f042","6,876,903.502","No"
"0x1867f9dd93c983a26d91860180fb606af228d3b9","6,839,835.77290881","No"
"0xddc7d07b2f6795c816031f8e3fb7fc15793eda0a","6,828,643.8185","No"
"0x7708266c684a6de58a1a389c3a077b686b51d9aa","6,806,331.90201434","No"
"0x45e1c2fa9b73bc005bc63381d94adfe38d305588","6,786,773.8505","No"
"0x034b9a1542f90bc64f0b53616e40fa51085fa362","6,756,381.616","No"
"0x4f78c820fb5481d609fe020b2302cfae9aeafd13","6,749,456.9827","No"
"0x7195a70ab7b384ceb2cef9d8b38ccbac59dedd34","6,701,902.7129","No"
"0xcf052d472dff906004b385f50968801eac29f689","6,664,303.1445","No"
"0x3ab76b9af7da268a2dcae0c2241fc37654d6dbea","6,614,243","No"
"0x41b6240d30ada0c2a50c7e3d6cf7f8a807f93586","6,603,782.12505926","No"
"0xd357bc1be66de5f10da36dcf5a4c861a5efe717d","6,570,442.4408","No"
"0x7a26a0992d2b02f28fd2f73a03232b42093684ba","6,561,533.60818912","No"
"0x0dd71e71c48086ebb867cfdc2773867ff59c809e","6,527,501.8714","No"
"0x20a54e4202a5bf8063cf8c4f06b933e7c22c3a35","6,503,707.6","No"
"0x93bb1b01f36454729b2088cd186f896c8ec59471","6,502,507.575","No"
"0x1cff343060286159bb8ac458ba32c57ac459d7be","6,501,808.4564","No"
"0x52fc03ae832eb17df7d3349c7cc8d6e11e62119e","6,495,064.826","No"
"0x2601c4f75511effb7901e7597dfa2f73282c9b81","6,490,984.31783675","No"
"0xdee2481ab95e30efd23b72390342a0c65aacdc3a","6,481,662.05","No"
"0x748fd573803f9fe583e588ac60d99deb1aee8fda","6,480,263.8607","No"
"0x0c1d56fab24a0e9b8a29ebc8c3d6a99bcf5691e8","6,479,459.9883","No"
"0xf73fff517a0db456e04ebdc5e59d07ae5432749c","6,431,722.138","No"
"0x64a665f5da869ae9d8a3f5912461bb5eaf549f47","6,420,000","No"
"0xcf0152c19d8f833db13c3fa72cfeaaf52db3a3c8","6,419,694.182214748215137416","No"
"0x4fb45fc3e630e935f33ba54792a38973022103ac","6,405,806.78","No"
"0xbfd8750ec9ee57cdeb03d7baa3cd0a597dbcbdc2","6,401,080.92153307","No"
"0xbd769fb594e5796f0b2b3540391b4522332a72b8","6,369,714.389","No"
"0x367c7d952c09fa1b66dd108dd7f08b708ec31178","6,354,406.64544559","No"
"0x1a6df9ea9f79a99a099e91308714da53d2c921fc","6,326,881.366","No"
"0x325ef14f4cd29268020237ca309e735434855189","6,324,718.21867297","No"
"0xee1b200e6a0ee60190324a67f9075cb78c99704a","6,293,569.3792603","No"
"0xa1ac2d8a57b70ff9637521f76d5733260c6f0f5a","6,281,209.994","No"
"0x0dc8e8022ce067ac15179b08178dab96bce14e99","6,257,538.13499467","No"
"0xd1c8c418f80068e100b4a6dd9bbea434fc716f71","6,256,530.17458194","No"
"0x3adaf38bb66c185c0ee3c21292995c057d79cead","6,248,441.531","No"
"0x43ed14174d1bed28c52cf3c03f1a8d6270c8cf40","6,240,349.227","No"
"0x25e21b4b7d61c1e7b5f3067ecb4a45ae3ebc6fbc","6,228,878.0532","No"
"0xfa9e5dab6050481f29d2a5803a948e7aa15a16b3","6,222,785.399","No"
"0x9a0242b7a33dacbe40edb927834f96eb39f8fbcb","6,182,670.722797505459809938","No"
"0x1a94d5d03d2dde3853d6fdb10648d52ad846a433","6,166,439.7678","No"
"0xbb919e31be1e1502230c48635158a106c49e655e","6,141,361.1631","No"
"0x30788f44b1ae6fa6f61cf0af2be9e7358506aca0","6,064,811.2880951","No"
"0x4735e73a54466377a7c12825e18f17ee317e6a43","6,062,787.39884156","No"
"0xb670521bf8de6e65b98c5e98a3231f48ddb4d96d","6,057,216.761831540716523595","No"
"0xb7575c1d752e0a15b002e628d78a37b867f1dda2","6,051,652.05645219","No"
"0xa619b1c5c09bd525134c9df6f48ff786ff4442da","6,041,414.23195646","No"
"0xc371ca5fa4e8da663c71e53a3b25c11b83769951","6,030,307.53556257730117","No"
"0x87a1dc3256479a50d10b58a31f3123a1253a417a","6,025,804.47316697","No"
"0xcd6d9a14ac68ec82913abd2048d232c2f4eee6e4","6,025,206.85725983","No"
"0xa5a93af272216afd16e69cd7f5dfff4fca9ec4b3","6,022,244.974124865718375518","No"
"0x4598901a1ec7e7044048d0206dbc6e90ccadf908","6,014,652.015","No"
"0xd73e1696661c2597137b6648d8268aa2abecce73","6,008,375.754","No"
"0x33b0b5071d9355f02bb4fa61fde92595a28b3314","6,000,792.01966624977","No"
"0x1552d1ca0a2b378a09500eedec57521895f2a2e6","6,000,000.02","No"
"0xfe7f3c17c16c522c5386340526f979952141dc6d","6,000,000","No"
"0xa6408ef1b91bbb0d0050222be4690209085af8aa","6,000,000","No"
"0xb40cca477bcd68902c7a307f24419f1e469bea35","5,995,953.889","No"
"0x7c6711f7ea2bbe7b76545bdf7088d2f609a2bfb5","5,988,699.94399863","No"
"0x2d337aba3eb08ec4d6cffdd02266af44be0522e5","5,961,819.7353","No"
"0xe41427000e6b084017d310468cd81b624e21d3d5","5,953,495.9519","No"
"0x901657536c00f8198cf6446f0b0d3e2d47a5f3af","5,948,000","No"
"0xf31a6e19a2324b8b5b7c8535810de166a0b6d4d8","5,946,626.7066","No"
"0x1e8e18c4315922418658cdd6111b401834e886b1","5,932,073.1326","No"
"0xb6cc61ba6eb13965690341ea68607bf10b993c01","5,920,000","No"
"0x9c22b27f60003fb575a7e113e42260ed334a2dc8","5,907,252.72","No"
"0xcfbdcde693be8a0a0191e2427c3ba43274bd8685","5,906,318.363","No"
"0x1ce18d9334bbbbbf1ed96c6e69829f21b328b4b5","5,885,516.7777","No"
"0x365c660f90adac61fa79e8d34a2696b7b9b9354b","5,874,048.652","No"
"0x7c3a61c52b6259f395d2f117ff1fb80c8fac5232","5,867,711.83953897","No"
"0x401a25f4a6a965f41be37c0c7df26144269bbed9","5,804,395.8159","No"
"0x1cffc397228b0738efcbf734518631ed44d724f7","5,802,941.78036301","No"
"0xc4bb4c6d5c8976164bb3dc094d81eacded68503f","5,800,000","No"
"0x4adf0e3878c1d7babd281df62541e99605db0163","5,781,951.7691","No"
"0xa6b3ae0659cc6e6729350d3ba695d83a71ef781b","5,765,573.21","No"
"0xaa086106a7d162c658847b7b0ab3cd1d32a9b41c","5,755,851.15076143","No"
"0x2e55eae5b8abec0bc7dbaf7c9c20e0926d542e0c","5,742,035.308","No"
"0x73325f575e40f9291e4e9c32bc1ebfce73f73e3d","5,741,595.31","No"
"0x45eb9e1d8bb4cdb17e1db7c1f8b658d08f6f7c6f","5,738,047.3394","No"
"0xb2c55155f6af1e94c2b26ea7b1d1e190e8ad870a","5,712,639.2847","No"
"0xf9ea90f6387a33522e300b5f7428de37b87aba3f","5,705,178.4","No"
"0xc3b1d026a1eb30520ee5407b74f5d3f28945c13f","5,697,489.6219","No"
"0x9e02c6d3bc8461989ce34aa45c6da9f02bc8845c","5,694,337.174","No"
"0xf80d2272320b3bebfe54f0d3f160edbe81f359d3","5,675,882.1425","No"
"0x1c1410a17722e3296853f78203d328af9046d7cd","5,670,703.2225","No"
"0x0af097e89fd315b3133e36aee086bb63183b75e9","5,655,533.7548","No"
"0x412dbfae09511d2bdfc4ce3835610a768ee64b23","5,649,223.045129071258873641","No"
"0x6b54f05abeb42f1dc91612f2a683cd0723ba35fc","5,646,508.49383155","No"
"0x11bc4487d7b0e294e8caaaaec998288d39f92051","5,634,599.096","No"
"0xbb06bbb5c4504d635f1a834d367cf39450d11c4c","5,618,031.54","No"
"0x9cb828a2b5937bd763fb8857e4a6211e7e9beca9","5,616,687.12","No"
"0x517c09290f5f559c875aba16e65a328ab9fe778d","5,612,399.48","No"
"0xf4da0d204196f1869ed4355e5115350d844205c0","5,609,675.8058","No"
"0xbeaa115ba8b72f8cbb01406dcb95659504480b04","5,602,482.3473","No"
"0xd088b17c9644364dcd26b1661d3ffdcd306f5e7c","5,601,406.10443398","No"
"0x80d73616d27bed5265d29d8a08cb3fae9a53e0b7","5,570,900.48","No"
"0xe721b945c5b4501e89255d0d5f7daf7c248a26ed","5,568,048.18082335","No"
"0x30055391d997c41a052369024a50dc6efdec1fee","5,520,524.9491","No"
"0x56a5750d6adcfd8e963ef6f2df14f35f34b16f32","5,500,000.8316","No"
"0x692e4c3a9c52584732a75079c8bf87c60920d0f8","5,496,787.05446718","No"
"0x2cddca00d7970337e62f9118daf9f79defc00b82","5,489,798.345813627956354858","No"
"0x8c8eb40eb4c7d6bc8ec15a1366a209b1b4147008","5,486,275.0416","No"
"0xb36bd07a49f47191a0b43c6b46c182eba42447b0","5,477,479.813295608904615479","No"
"0x947c27f7e4e0533560f45a8541dd0a28fadc9d27","5,467,494.453595258464024024","No"
"0x36fade4265f66cedf0947422a3f34675acd8dc46","5,440,013.62767461","No"
"0x926f8d618626a37be764021707ec430b08c33254","5,439,033.24","No"
"0x5867e42eb61bbcb2a17f22617a9011d64cf2e8f1","5,417,263.61893672","No"
"0x8d01db5914133efce56bc866d1a19300b61ee8c7","5,407,263.11","No"
"0x1401a9ba5033026fc5a36b9a65b42a32a78649c7","5,392,442.7762","No"
"0x0f4140a7294b1eda453b4abee37c34f854e61b0a","5,383,958.36","No"
"0xf7e0b12f44348f87ef9873c009217c50596faa4c","5,380,212.6984","No"
"0x575a9baa2c4b17f81a71254092d4165966a37456","5,363,098.9701","No"
"0x8f4fbb004bd664d5f634fae4050a558280d97829","5,360,727.773","No"
"0xae99354dd921d4d2997827f7c9aff6e0c56069ff","5,353,621.04850433","No"
"0x7ea933a1da2aae6d2db85ba38c439fa5f3925f7c","5,287,992.091","No"
"0x6df03db61f5e61e08e418a709b7c86e8522105d5","5,274,904.14617858","No"
"0xf8544e75f34f339471a6a01deb1677e29458b097","5,255,550.682600959968548554","No"
"0x5c4c98b1279fc3f5a349d121d5a1e23d8c4a8f21","5,234,434.331","No"
"0x0bbf00a8bdb0581ea3578adc20b00e04dcb370a8","5,219,252.5291","No"
"0xaf238c3281064135b0bf0e218d6cbdb95f16e887","5,217,934.5091","No"
"0x64fbea14cea1852ba82f0841f6ac3eb0841c0b90","5,185,000","No"
"0x005ee86190ee30575b0f834d3fbf22980d855b55","5,153,359.167","No"
"0x84c53e8ded51e282abbca671c93a9a6c02feadda","5,147,794.6544","No"
"0xa6b7d4d3b2cdf1177ba6c009fc32e8831308f0bc","5,133,913.427","No"
"0x7d23ae75e8a02eaa0d552e82498dcfd143dcb6dd","5,126,147.0593","No"
"0xa33f7788259c1c309bbdf412309bd1ceb8c06641","5,125,263.198","No"
"0x1a5bf605eefce8efc7bc3778624ebd6513e427d1","5,086,587.7623","No"
"0xc0f205c45b36708e056214b6cdd5ac0d26ec2b9c","5,084,329.182487","No"
"0x7b7ac78d106b22de437637478b4b06ef1eee75e1","5,074,745.31296354","No"
"0x7711f072aa08ce0133dfc57008f2ed1d25ead226","5,068,614","No"
"0x7104cd341d0fa8b5c14a848d8a8587e9cfea967a","5,041,026.889515028249833819","No"
"0xeb08009a4c421d66d4955a7a533aaeef93757e4b","5,040,303.31188203","No"
"0x86ba63f2843470c268c57d171e6ae08bd9573f4f","5,038,222","No"
"0x269100277a14503f4c0b200d3759026b6046643f","5,035,000.00001766","No"
"0x45d135a1647cb6589b6fcd086f2d0706d4f6f045","5,032,631.0979","No"
"0xc41e2cde8409844fe8e0d1955a616a4a6e0d1e4f","5,022,820.1619089","No"
"0xdf2f63936e166a22f3b89d0c70dfd9b66b61825f","5,018,950.8831","No"
"0x980223c5cca024aae2825c6206d3287894d89d56","5,017,281.6199","No"
"0xb43c7f87efa4a879472e5d23c5faccbde2392ce7","5,004,431.67567639","No"
"0x49d68ff58ac8186c3d24a43c9622c99d8e7cc24b","5,001,759.8319","No"
"0x36ae02695159114514c28d85122f1f1fcef63208","5,000,000.783","No"
"0x3e31d77b86258d8c2434d736a3467292b7a879b6","5,000,000.0422","No"
"0xb155ca967e586284479409359d0f2360051d6e0c","5,000,000","No"
"0x13e903d64e9eb396d6025020f5928619567ce7c8","5,000,000","No"
"0x6bd8c94bcb62002d5a48f673514678f2c4d65d33","5,000,000","No"
"0x3a6f2f2f40054afa4652b2cb022d65d364145b92","5,000,000","No"
"0x099d756d1521efc1c346e19af7240450ca1cae30","5,000,000","No"
"0x33646f0ff33b1bed783b1b0215093bccb6e31c38","4,992,251.581","No"
"0xa59b2907a922ea12f81f096fa8de09a5954f7724","4,984,079.34781849","No"
"0x6e96cca190f1a3dc7deefaa1406604ff1a25f77d","4,975,000","No"
"0xdeb27ca2cbd389f9ac64ebeb66bde9a1ac510c08","4,973,345.398","No"
"0xd400b8457f98016cf86b1bff7cfdef58b22ec621","4,970,085.854","No"
"0x49d3f4c643bef35cc275ae005b0a4357b8331fd1","4,958,475.367809444357700578","No"
"0x571382b1cda3087a9fcf51d50689389537fbbe6e","4,950,560.00568623","No"
"0x068ff5920d1f8b9de684772c434ad31f4bbf9f4e","4,950,229.044","No"
"0xe83559b1cc5d63aadd4281ac0880e04e4cf3ad0b","4,950,000.28739498","No"
"0xfe587b74d4ec53be4c5aa1fc71e8e0b2a5fcb82c","4,946,131.1086","No"
"0x467f019a1430034de8cb9170343e380a9248c561","4,946,003.7818","No"
"0xc7af80e98340adff31485563e34cbdc1598e5d7f","4,937,985.6115","No"
"0xd49017abc09a4be13068fcf45ec1cb423d6fdbdb","4,932,100","No"
"0x717a04baea55cc841ee548edcae0f28bb6f0795b","4,930,000.730294","No"
"0xbec05eeff33a1b2d9a53eb9d2a6dcfd86e0c190d","4,900,000","No"
"0x4f1918bc118cf8c205ef3727c3bd12ddbee04a47","4,890,392.31351412511139102","No"
"0x0ac16d290b8a235925ae80b5d75c7901127657a2","4,886,254.245","No"
"0x1ec12d0e8b9c724fea34255a3f58b2a61eeef3cd","4,864,272.167","No"
"0xe62f8a7cc964d5dc4e4fdba8f036c53911ca9c09","4,859,904.2399","No"
"0xfb38c93e7acba4bf3bebd06b94721232653d9ccf","4,813,922.5541","No"
"0x5dd697c77e80c7fda3da1cccd5214c3a75503727","4,778,598.71504403","No"
"0xdc3e164279c4227141f757a29a33fadc5becb0e9","4,754,394.1482","No"
"0x298f4804c7504c10c9f2fde905c37c237095c221","4,740,177.69056223","No"
"0x53d5054554f1cf320d640a18f021006c772b462d","4,729,910.333","No"
"0x47070cff152f51acc9f5e3e9a546bdff12391667","4,701,493.365880302705651256","No"
"0xc757e980aca3f231f9d131a769a461596f13d9c9","4,687,495.893","No"
"0xfcb921b4c10b1f6ead00494f16a4bf472fc96a7a","4,684,202.7949","No"
"0xabf853036bfb16c928db81ff6df894762afe4c29","4,679,909.667","No"
"0x18addb4b0ea01ad018417d7de4e37b9b6d35c734","4,679,909.667","No"
"0x8249519d5f1cdd8ae8f79270b81f2bc411574e10","4,676,110.3327","No"
"0x32b89dea9dfbcf19760cbea6eb52261c6c2642ec","4,669,806.38453422","No"
"0x60cb85664081285f7817299b9aa0e0cb37e30bda","4,666,666.667","No"
"0x709cd60a1f817e1c665fbafe87216ba50c587698","4,665,422.8619","No"
"0xf273c0d1a2f5cbf30a5adfe6e13d25a510f381c6","4,653,661.9616","No"
"0x4a8bcad80629d60358b02020f341a79fac2973c6","4,648,046.676","No"
"0x15968524b32f2c3493c7415ac6a5e1ad119012a2","4,645,084.50341173","No"
"0x112abc158053c93632227d2d0131675348394bda","4,638,278.9788","No"
"0x3b89973c6d465814fd937593913a099b35c08233","4,608,084.6289","No"
"0xfe8d14bb530c3b08ef0028df037afd63e447e55b","4,598,004.3463","No"
"0x398c0f6c46b8644bff35558ab18266df60ae348d","4,593,640.47886634","No"
"0xb0daa66ad50c55e6b918531361db9ab31aec50b9","4,590,000","No"
"0x71ca42681cd0285ca9851aa235eedc458736c452","4,569,079.1282","No"
"0xa1d629b5c3a230d699fda656727e85c1659ac2a5","4,550,528","No"
"0xa200fed5af208611d61e5450c614568d79286a0f","4,548,776.26799341","No"
"0xb4ee891a959ab1ae052ce9558d71c1a0cdc4a4c6","4,539,507.17","No"
"0x4c8d613536cbf7a74cbeeb409f4ee7ab91a3236a","4,453,390.3976","No"
"0x7877a7706b671308c4fecf9b42a0ed51886e1bc3","4,446,142.231237460281121676","No"
"0x824e984b8a9bf2b725c56a7c49d1b65f56724256","4,406,164.1906596","No"
"0x9952f01415f4741f47778022cb930e74800afdd7","4,389,613","No"
"0xbfc71087721dbd74bb9672b0d3ab346e9501dab6","4,371,102.4213","No"
"0x1b616d35fd8dd998654abb3a1629f4dca2d510b1","4,349,002.006","No"
"0xdcfa4f7d3da9772166ea955b851c30e37e4d3518","4,344,904.3638","No"
"0x9da77adaadbbfeaa7851770b52ff546d84f6e360","4,332,425.515","No"
"0x10496f0eb1f295be25090ccd5da27a80609c3394","4,327,577.65","No"
"0x2408be9d2db8bdd32e3a66059030e1fa7ed48a8d","4,312,430.3594","No"
"0x69b8943297c77ca8a393a33bd6255f45a1688fc2","4,276,360","No"
"0x5eb1ab6f9552d667a8fd242daac60235b1f54390","4,272,905.37608104","No"
"0x6f323854495fed0d8ea0717b786f8d9cb94ec322","4,272,049.26420649","No"
"0xaa453021f245a3dfe5f15e3d85e1ac99510ffbec","4,266,659.0971","No"
"0xbd0bcc534d9a5cefb25eeeb5beaaed55458160f2","4,264,391.264","No"
"0xb0e5aa1a424a61bff04be2663a8945608a7d42e8","4,260,020.603","No"
"0x6e307de4dc7dc4924f22aaa410482c5f63a891cd","4,259,992.87116617","No"
"0xb768e9a2c037bb64a15d2ef059aaa215b062b6bd","4,258,921.9183","No"
"0xa79238cfd63bbb803f85d6091ff94b3a26ab7d3f","4,254,510.96","No"
"0xaef52db9aa046fb17ff5e02437301095900f6d9d","4,250,000.258","No"
"0x8f925169ae9095d0c0dab90fb39736a05ca62c9f","4,248,552.0874","No"
"0x66cfd4943b58ec9dbc31f2ea84fbb9ea32b93ca2","4,238,109.8841","No"
"0x1de0ce294e121c821fa5e0c84526827ea9baa887","4,232,296.0925","No"
"0x667a7ac0d05a45139fd24eda4c8cb29323e769d4","4,226,361.7097","No"
"0x777acb4fa25927c5fbd1db488d256530c660e0d2","4,208,847.396","No"
"0xa54996dac8d7fe7575293dfa3ae91b70f282057e","4,202,766.8231082","No"
"0xcd61c6f4c8f8fd5294c8a2b699f2eac581ee4405","4,194,912.87320167","No"
"0xb500e5af7c9e41ca6f920121961a826171393f92","4,191,223.3441","No"
"0x33080fd53eab64ad83dd958f262b8bc97a2be4b8","4,181,129.284851145609432014","No"
"0x4e5c430491310320d782b75a97b8af38254f0e3d","4,173,634.1614","No"
"0x01e3785b3afaae24aefb8954767f29bf6c97c6e7","4,160,475.8242","No"
"0xe5d57e40bee3c3a5c0a70818ca2278aeda5fb9bb","4,158,143.07549674","No"
"0x9cb490b91dc0e4a964d9014167986aff0a59f848","4,148,482.8087","No"
"0x1170bc8568c3d9a5e6ea58b7d9b33239e537c7a6","4,146,760.644","No"
"0xb7ce81891b6d7e949ec3674fa203b8ad697db07d","4,145,547.05257804","No"
"0x43a20da71ad20cf07146b11d8b2550b6cd3d350a","4,129,941.7324","No"
"0x3e3d4df3c062a02120029528e90162c23ff21a7d","4,103,300.46131082","No"
"0xe909d4c04af0da94e077850fa0ce7040e0586bb9","4,075,200.2153","No"
"0x4d53c435a63f8dbadeb0b7f02791b0533a3fd7d7","4,073,359.215","No"
"0x9bd7922a8e081c5387f66455d23c44ff05ecd47e","4,070,169.51","No"
"0x4c7a9d754362907bfebd516e2e0a0c14f1592a3b","4,049,145.616","No"
"0x67b4891c800253485dcdace4e1072895aa9913ce","4,048,831.35979932","No"
"0x4bc248550e172cca3767a353d28d5ce9cd6ad941","4,046,040.5222","No"
"0xc0e39f6d58ed768d33e4961ce0e6eb358278cfb9","4,032,450.5","No"
"0xa6da5eb624c6af8ba133c8220fba1105236ec310","4,005,863.85419155","No"
"0xccae89f42ef4ba482296349acd0feb2107a5f3c0","4,004,276.88879081","No"
"0x760f72da162a585f7636de9890450b2f8b303663","4,000,000","No"
"0x80bab236f432843d778cabfeefabd6b75f7cd2ba","4,000,000","No"
"0x033a117830fc97c98f8fe69bc09da1b4fd208118","4,000,000","No"
"0x54e58cf026a1219eb007c4ec58771cddd1b25ade","4,000,000","No"
"0xa572514240bc7d38fbd5f6d26b4da3e38ed48d47","3,985,552.29599605","No"
"0x79fc778406422703c9258ac6286547ebc33f3969","3,974,585.8485","No"
"0x424e0ee94f2d8e0f4f953bc4d8e3326a7382e0d4","3,958,730.24481969","No"
"0x8d980745914533bcd85c65fc01586b9d9e1bde81","3,955,018.0586","No"
"0x01ef37970dff74387e23c993d1ef08ce446eca3d","3,954,323.97","No"
"0x607a1a997c1fdb596bf9903a8c2d2252e40dbed6","3,953,380.79260001","No"
"0x5006c4a936efbf313d0f3d521ef77e15d8b7547a","3,943,598.9","No"
"0x018115e171054937394c41b68ef75abe5d5ae86c","3,931,868.132","No"
"0x20d1e8ab6a89df8612904c2794c0481689cbfe74","3,926,308.8678","No"
"0x463684f8ed403340a80850a8efa298b931079a4e","3,925,307.912","No"
"0xd6791c62f72215f428f2e6233dda174c3f419eb8","3,923,243.883","No"
"0x21c496d7d8132b395a7a5fa344568eeaf1e1abbc","3,921,321.8304","No"
"0xde03f79ea9963bdbcaebcc478d64d2cf8b06111f","3,920,000","No"
"0xb70653bbd7bec4955543398cb10d9ea92f93fb45","3,919,279.50742204","No"
"0xfb2d9b706aa63d7e905568a3e0bd9ba817090724","3,894,809.3271","No"
"0x0a85e43479d58207562ed76b605d6cafbf9e8de6","3,887,650.803","No"
"0x5afafc1ba2df0968b0c1b5a255439eecf1b21a84","3,886,933.466","No"
"0x269b1619ae19b386891790254426bb51b7ccd7f8","3,882,470.541711070157599598","No"
"0x2893955787de2fe8c948ffddd492bcb56ab4120a","3,880,087.113","No"
"0x14d288dcbb3b203f6bd0f47c19dedb4cd7e0eba5","3,855,485.022","No"
"0x2804f4dad827404191e7b83eaf46bffe39a8baa3","3,846,648.85","No"
"0x163d80dd8c2a441defc1f4c026b2001d3bdf1f53","3,846,153.846","No"
"0xf163c1358f4790b5cd9ee20c05dd8aeca2ccf32c","3,841,569.8448","No"
"0xd0243103fedd455e1ca5f4f980dcaaded7430484","3,822,616.629","No"
"0x2afa842410a7990c49b453e6a5d3aa0e4123828c","3,799,117.60294847","No"
"0xe3014383ec79c704783d7e9e60aa3178c8f1bf79","3,786,948.6054","No"
"0x25a0faeb797e7a026943d7dbba8f538607ec8ffb","3,772,529.808","No"
"0x9cf70baaed9b79bf5d868495d9374838a1164706","3,764,246.0585","No"
"0xa822cc4edab24343c58688ceb1433103c6137e52","3,760,175.30294894","No"
"0x890e920f139a4695190299e43c129cb383312baa","3,752,128.86776889039316848","No"
"0x7381ffcc7ed9290f080b5c1a30dac64682f6a3ad","3,748,466.676","No"
"0x4b18daee0d06d0bbe775869667f3476d773093be","3,723,955.7967","No"
"0x34656f05741bd6ce14cb1c3ca08209da81254a90","3,700,000","No"
"0x1a23945b947495d700dec938887f61ce5814e5fc","3,683,559.9092","No"
"0xcfc9c2c8dd04cb3e2ba1acf7c7d612593bf2ab74","3,669,682.535","No"
"0x4cdbc00ce443dd78ad029abe370de640fe1c786a","3,622,693.843","No"
"0x02cb2bf6961783248eb7ab5dd25c3f317e76b1fe","3,620,153.56318037","No"
"0x0ee6f187b3ed877eef2a7eb58547364fd3fceda5","3,618,171.743","No"
"0xefab9e1fc73c7232fd3ff441352c50a490c1c187","3,609,847.262","No"
"0xef92665406ac86ee2b998e30200ee3c7f81eba3f","3,595,000","No"
"0x70ff5e90d47e3c17d4856a9821af58071c3e21d2","3,571,201.806","No"
"0x3d8e73fe8471a78dd1ee1f8527ef381d7c44a3a3","3,567,680.3297","No"
"0x5977c1f8dff919d9343eff215598038bb94a2771","3,559,452.249795904079405427","No"
"0x3c540d44cfc3914a46c076d7201fdfd6f2726a49","3,553,540.067","No"
"0x5ba11334531932790b1ac5f78bcacc555fc1193d","3,550,729.1764","No"
"0xf61515e3785a538aa78d39e0a78e9ee319bc92ba","3,550,000","No"
"0xfe230809f3fb2c64b51a3cbbfa3e72278353f576","3,547,581.5040461","No"
"0xe8233e9c34f6dc28f4e0eba348bf54f2695964c4","3,537,803.53355419","No"
"0xe74cdcf20dbfde2c8b3d5ac85dc3d728415972ed","3,511,001.9529","No"
"0xbcca69e8fbb0a8d406179ab8087bb303c5051cc5","3,500,631.80343509","No"
"0x1336ee447c4b3b1219b37f44886cb1eefb2ecfa2","3,482,315.493","No"
"0x9b6138f31efcc11106cf303cfeb7fbe41e1d18ef","3,479,794.59","No"
"0x974cf33b0ac4dabf4d376baea5b4e265e18fcd2d","3,474,913.112","No"
"0x8a67000699ae1f51f9270b6a28b4764137c5ea90","3,472,682.72","No"
"0x010f707424dba370b3e896dbffafbcbc0d074ced","3,466,601.831","No"
"0x1f5a0d1fec713f68ee5b3498dabe6087b07baa62","3,464,849.6","No"
"0xe95df4788a7a415394431f391f99c410bc0e67dc","3,462,569.3732","No"
"0xab0042854a811f287366d26260ffb5c481285b0d","3,461,761.341","No"
"0x74246d53b374fac8155698ea5effa9a51c7b8268","3,457,422","No"
"0xd230cdc951a9cefc34de1aae331c30e1de0da529","3,455,130.6155091","No"
"0xf1de0a4e647e5ff6abd8a1d7736c6e8765d68c6f","3,452,606.244541832281575865","No"
"0xf909823b8bdd312ddb69a7127ee930991f6f8ccd","3,442,210.24157885","No"
"0xde8dc2c1f216a8c4ceb516294fb2d6720aa6a06c","3,435,171.6828","No"
"0xa8cc8e7d117bd9b8858ed9bb36b1c4e2a7325639","3,430,705.7294","No"
"0xe4d6705a876c17c7161b862cc33641449558f34a","3,412,543.3895","No"
"0x6632fb0bc748c63095cb72088f732afa9e906c03","3,401,855.345","No"
"0x867bafa0431199a7f6caf5bb359de3e99a073634","3,400,731.72218224","No"
"0x4a41f4f59b4972defdd9ca5af13048839a8daedc","3,400,000","No"
"0xbdd0236b118d6fc64f9047425efdf61356f80c9d","3,388,199.81","No"
"0xe52f03c23ad7e7655c03cba56f44a63be7385bf8","3,387,776.59004448","No"
"0xf3ef8ca5cf23108fdb59ec84b0e25e626df5f5cb","3,385,150.7605","No"
"0x95ececc940a9cfa5c3808341b85520f024dda198","3,385,111.96116398571001183","No"
"0xd46a6acf865f63b0c7e8d5d5fcc941689aeb4fc1","3,373,448.98819244","No"
"0xf1a1ee506b390da92bedc4e2cd0261cd48ba7e38","3,363,495.493","No"
"0x1e42136b5968762fb503c1186bfae21ede5bac2f","3,360,820.2133","No"
"0x46a66454c174165c9eb6e3c9e7d7cb31b0be5a9d","3,337,032.785","No"
"0xc24e50784dd7be2e21444bf11f708a3c624a9820","3,330,807.96263451","No"
"0xe16f798581f5ab9d624af4b1b2dd49a633005c06","3,320,278.6865","No"
"0x5aea2875e2a22d23f550cfcb600486534385b3c3","3,316,543.475","No"
"0xde2cd8c8b1609083f28dfb61f565508b500f6149","3,314,806.1434","No"
"0xc9bcdf0756084ee0055d732810ec7aec2a2c12e3","3,312,357.20707074","No"
"0x406991e794606bc8457f0e938a9d2f0519087eec","3,311,881.36822751","No"
"0xac595181f69c0c285e0f41a14cd72e82a1065201","3,307,150.5084","No"
"0x02c5d19592550103f9c83e1790e3a94d82c20e35","3,296,819.70536314","No"
"0x7b559889e865aca37d69cf8b3a1548ddddad7dcc","3,291,458.06428847","No"
"0x031e001b23dde41eb9a62cb79c0fc04f02faf26a","3,289,459","No"
"0x62f6959dbd13530cf8d951f9c18eb0783d470724","3,288,140.83967942","No"
"0xe40b27d01c15928e4c70c565c612122b15999e85","3,283,202.178","No"
"0x1101c7df98946680fa4707ce64b9e47c405ef893","3,262,234.067","No"
"0x0ba0c9e33d4328e157579d52382facb8fb33ecf2","3,250,436.66369248","No"
"0xfff51c979b9cbebe178db12ce7e4455efb176ecb","3,240,727.104724967497849057","No"
"0x99fe78435c65764cd732399a6cb5c401a3ae67e4","3,231,082.5422","No"
"0x3c4deaec908eec0b4d40af2254af6a4d5a6a2e9d","3,222,249.5787691","No"
"0x525911fcb7238471ca2f8253601f4fe7d408a4e9","3,217,802.549187500829391195","No"
"0x12b46d61ae25174a875b9dc3165fcaeedc94945e","3,217,234.89","No"
"0x124a9e687620df1475da6bc81d7f93c0d4a1fe02","3,202,776.59052186","No"
"0x0ae8e8c10a8c475d88f6f4baf0cd9fdfdaf40de5","3,196,703.297","No"
"0xb94906cc5659c156b39f10f18f8577bdd9a6fdcc","3,189,422.3415","No"
"0x438b923691f054460710870979d1fdd706bfbcbe","3,189,386.5515","No"
"0x8ea8bb122d8514937eb3dd2a0bba21461d67e670","3,181,665.2195","No"
"0x830bcec213b14908b104a7ac28cdbd49d6b66425","3,157,631.32192741","No"
"0xd102700e192b4d415d84b60685914587c5470c66","3,136,342.41662292","No"
"0x3999ed72519074a8d2d9f5fdea939d33052e4bb6","3,125,014.217","No"
"0x7b6e7f7317f3283403ab667a93a2a8976c72e318","3,100,000","No"
"0x9d62b2c9aebf77e0c4e24d5695c449dc13015a68","3,094,444.5819","No"
"0x94f00907135a5c9de5bd093e44bd8b1bd4dbb16a","3,091,816","No"
"0x4323e5efa98237f97681bfaeacf74b8de609340f","3,088,775.982","No"
"0x6d3da2dff7aabb524d44587e2a70d325bda15d97","3,082,133.9796","No"
"0x6e7e800ed360026e4323b75b053eb57ff3676d74","3,080,867.9738","No"
"0x8c6c21f9773e2fc3535cade6ff8a45330806db0c","3,077,518.4146","No"
"0x07628d73b2ef412e71c0ad274060404622ab4cf9","3,075,000","No"
"0xe977e73035200b2133f2f877076a8cd01ee39e1f","3,072,070.7149","No"
"0x8c7b43b2a2e140992671598a9b9cd0fecc29c46d","3,048,543.069","No"
"0x1c8d3220c4898c147b4b1843a5c9b35fbfe546c4","3,047,404.94","No"
"0x2fab9b091021774ecdf10f71fb0a0b6238c5ffd8","3,036,494.8319","No"
"0x00c78a1e50cc4b65b1ee6b80f21307022a283308","3,031,652.344","No"
"0x4ffb77de344f7e7e389b5fb2724d0bb53a594e60","3,024,782.4871","No"
"0x6442c445e90471cd80662994033068dd8c6c648a","3,023,082.1573","No"
"0x0dd129caa4796af91d588cdab89530cfacf6d5f1","3,013,805.1994","No"
"0x762832b5be395532b97a0aee318903635e117670","3,011,525.643","No"
"0x5f31df715d539b84a69c3fad1094dd7f78fe3b95","3,010,612.23121496","No"
"0xdbf86f7a6fa8b21fe7262e12acf110bac5085e06","3,008,547.19835403","No"
"0x6157e60571eb116b21091130f2aff7f378afb422","3,008,147.276","No"
"0xebf29532b4d806a53779872a6b1c7b3d511deb64","3,002,854.69769276","No"
"0xae45242bf3322f79acdad719f89aafff271c7828","3,002,354.7045","No"
"0x6d5e9daa8f61d718feb2adc216dd669f2b528f18","3,002,068.479","No"
"0x35b091c70a6f8914b7006a52aebfa9b8f2eef984","3,001,520.562777250148184787","No"
"0x412395a066a8c40a259562ad5c68653c4670cc2e","3,001,288.27","No"
"0x46c574e66a0deb46fb6eb6978bf9f80b19d8c847","3,000,000.005","No"
"0x92436910d5ea8a46ba912424c28b4a5b1eea7040","3,000,000","No"
"0x06a54385f41162ce11e52a807ab746f05e0cbf86","3,000,000","No"
"0x51fd176bc3d23f52620e4c300e825ba8beedd0e2","3,000,000","No"
"0x38f4b12a77fce0215ac0bf0a811a1c51984f383f","3,000,000","No"
"0x9a2299beca35a8cecb4dbacf50003129794e39de","2,998,431.9397","No"
"0x46507096d422a8ea1150f188584a6ffa8dc87fff","2,997,572.79","No"
"0x401bf675a54fbdbfe2bc52d2488ac5156ba2eead","2,992,496.6936","No"
"0xa8c9adb8942eea775d97e84af404813404395ae3","2,991,649.04","No"
"0x470d83fa810c83b2f1b71402fe44f52b26d3c1c4","2,987,531.751","No"
"0x65eb25c362173abd7131853b8b488d1c6341459a","2,987,420.871","No"
"0x8109bc57764ee022d6765585bce0bdbbb26b228a","2,985,176.75755507","No"
"0x9b5389b8af4b737cbf12fa6ad4da5d7e5356a448","2,983,595.4334","No"
"0xc5fd60edecbc3a702fa886fe5999d1d8627bd93b","2,983,152.667","No"
"0x6ce87ec8c7a8362e54ea814a00e7fd726fec6e13","2,982,282.986","No"
"0x44abe04f21a15421b084375a924acb61fa1482d3","2,980,208.3486","No"
"0x841512081edca6183188e3b6573c5e282c1541a8","2,977,809.12834051","No"
"0xfd4a35e10b8d4d2cb4fa5c5bdf06adb0e7d49476","2,977,647.40081315","No"
"0x903ca8b3f33ddec0ebc31426dafa908aeadf5883","2,971,244.926","No"
"0x2a9df1bc2b64f0c133f243452dda5a2fc0d3dcd8","2,966,760.988","No"
"0x344e5b13bd5fde6336d589b2c09bad679c07e2ef","2,965,894","No"
"0x2f95936c9e1b2bc735bcb1503cd5ff0b4e39b3fb","2,962,283.7841","No"
"0x00618b2c63fa9b857ae6faf414bce00c78596ecb","2,957,688.46642197111","No"
"0xb3c5d933c79d73eade8bf49e117e3b95f5cedf6f","2,955,268.43011831","No"
"0xf7687ef1d36e8710a984edd5e5f7529481c051bb","2,943,645.93","No"
"0x2dee770e33fb3a5fd1b145d308c0d594dfb946f2","2,942,438.159","No"
"0xc9c3f1cdeabec2d5d521c5a541a3d7aad5638e7b","2,939,466.56141891","No"
"0xc4edbb7d5001abc3c8fcf07c53f13a9b6401128c","2,935,860.1285559","No"
"0xc6a30d2a2c70b0116234440e75051c80f10f7fb6","2,930,403","No"
"0x9e512325bda195e560a2f79d3490022408334598","2,926,796.096","No"
"0x0dbf22c55d289cb9e6e5e90f3a691388bd98ed33","2,926,040.214","No"
"0x9ff32499ca335b5a4a43528fd99a129de70b8e87","2,923,296.3526","No"
"0xa60d18aaf367f2c2d5ebc74f96e2c36e0d6cfa86","2,921,750.28911119","No"
"0xeb3e5d130cc15deb6a74d005dc2678f159962238","2,921,000.5557","No"
"0x47e88a84baf1bf2342fca337f66fc024b699d4d9","2,920,000","No"
"0x30e64493eebaba1b3003985774f14f569cb23ba2","2,916,666.667","No"
"0x341324438e54a84365196632e461896f9480b9f3","2,910,212.48875515","No"
"0x697796be094bae7b399d5af17c9168e209cd533b","2,902,086.72","No"
"0xf5fc8c21cdcc3bf4a4378ef2281e6b6c78b9f242","2,900,498.655","No"
"0xe5d42e9cc9c3fd2bbb581c0d428a0197a2e50dfc","2,879,554.89","No"
"0x21f9db3dc49948be1a20ee2a8e3b2704a911dcf9","2,870,979.4713","No"
"0x86a659a169b9ff55c711b4d90741431273de8914","2,870,339.816","No"
"0xad692ee2ef5584b658bf873ba0f144df66fecf7a","2,867,858.6481","No"
"0xe8d237ab00dab016124a1211a45affe295e14e72","2,859,393.985","No"
"0x117c8ed31a93695e2a84963d1a3a2895972ea160","2,853,293.2794","No"
"0xef476a78b214c6fa60446f948b17d9ed2e20d067","2,850,126.798","No"
"0x8912f0c5edc0ba1cc578fd114b50a6c52c054d9d","2,824,844.1538387","No"
"0xd24cad7fe905b9838c1aa7846f1260ebb59033c5","2,819,562.57576162","No"
"0x574c49f759e24c15552b338e1281f37df8c7c90c","2,800,000","No"
"0x4b3bffb7aad615789584414ce6a8d3e9c545c624","2,797,669.6","No"
"0x1f85c01b6603ffa04b837f73d4f06339afa520d3","2,784,538.091","No"
"0xca2d56d20139a9d50ecb74ece43382fa18faa2aa","2,781,240.509842245571842916","No"
"0x1550a166cf1ba61b911b06189f1fe207e03f9423","2,775,076.35","No"
"0x71cec25397b233c6137f0839cec3b892310493e0","2,774,519.75","No"
"0xa7606a1648023869cef9a3a2b0f52f1d49588c32","2,770,904.02154684","No"
"0x7c6d067857c46edd755c731ed7243372ab40f625","2,759,206.51799987","No"
"0xa858b24e862badc2ee37104037c5009ac962f999","2,754,742.6","No"
"0x028265a29a0791eb9d0a6b8abad3179daa7ea725","2,748,429.8378","No"
"0x86954c910bd4c13497bd3555fed636a99921ea65","2,743,769.478678132611806463","No"
"0x478f68ac0bf32d9c89fb176ed450e59417a36a41","2,743,645.93","No"
"0x0fc32e98a001575117fbcc60c023bb8604155e36","2,740,000.82989854","No"
"0xc6b178f578b137cd13d9370211b64ce4cb06c053","2,739,180.9169","No"
"0x499bc065cbbb3ed8212bf446992b5d8cabf4c189","2,732,883.56151652","No"
"0x915e9effab855cf9b5940f0a83a252b0b85d13be","2,730,402.93","No"
"0x71a9414cc7ef0b324363d34d8c04ad8f072b236d","2,728,590.74","No"
"0xda81de002fab8119b16a10a841df229bd7239b24","2,723,238.50528954","No"
"0x9f808610af0ecc80146bc3a81761e363d341689e","2,720,548.96883646","No"
"0x257bdffeab9ed25e41a2163f138249ad1c1b15c7","2,720,000.93","No"
"0xa1ed9632bc30167413a6522174574647cd56ee0b","2,714,382.3375","No"
"0x54a75dfd0ebd4482583e9f92a61ebb0d43618797","2,698,161.8513","No"
"0x030e05275a46f428843739f0340f416583ed71ac","2,692,817.1373","No"
"0x22e58db9b817fbb599dab6532ceed5bb6c77ed28","2,676,667.915718561724923484","No"
"0x6b2b2b1e759c90362a8c543e22ccf144dae6556e","2,675,508.2875","No"
"0x9c9f9ecb242f172459cc7ceaadb21b16f516c7ae","2,673,111.8898","No"
"0xc60f9ba3ff31b2685af407c01bf02944deb11d93","2,668,876.5763","No"
"0x7ccc0bf09ac16fe171e56d38c40dd757907258c2","2,668,336.7558","No"
"0xf77c3cccfc5f82c0c3a105f8dcd19c0ba60ce355","2,667,703.62","No"
"0xa5b743d2b62c0dc7dcb8bee35dec9a79f05c2d7b","2,667,223.64805579","No"
"0xe9fda711917aedb0b6642c8b449a30e2e1c32ae1","2,666,380.6101","No"
"0x570e917bde592afeb81b0b1e908040489ed6b533","2,661,431.06167619","No"
"0xb58c363c3dcdc6aed6faa74b3597d3ac4b302601","2,655,676","No"
"0xb5f5702d4ea430c3a3a9d1fe1b881e3593297f68","2,650,033.6502","No"
"0x2e5a6052ce9ca3f102363acb6c7d6ab65f1a0c23","2,650,000","No"
"0x6c4b6e3bb1631768e789e2f3977e216075870956","2,646,957.697","No"
"0xe986fbddfcfc37779a8c1766d1ff8683943d6e83","2,638,065.210728059628740664","No"
"0xfd67ce2bc4ea1c6e49a9fa7bbec3ef91f3aad27b","2,636,252","No"
"0x348454c293f736307a1dc48fb5b4694d10947af5","2,635,266.651","No"
"0x6e5774e1258a523078dcd992aa796c5fee6a9a4f","2,633,899.299983441789534238","No"
"0x8ca548943db056ec2706bc0e8335011a51dc5746","2,632,705.40627175","No"
"0x29a029d15cd9878cc25c8a6893d3989c6b8f9b3d","2,630,816.2112","No"
"0x083ac246a3df784cc317529fbcbafe0771f33e70","2,630,807.99549064","No"
"0x9a23256b0a47bc30e4c197711c779e6cb056bad2","2,607,198.7073","No"
"0x41c9d634dcee42f035410a0d2748134bcf18c9eb","2,592,073.5971","No"
"0xbc0c4e9c311137e69684f7aff696b63bef2119c3","2,591,053.3315","No"
"0xebe684d5801269e36d3f4ad71789396051c82deb","2,586,870.691","No"
"0xd9408f29026e32852aff8c5c9c8ea834b44b4e1c","2,586,214.152088623189507018","No"
"0xf50a5de11f060ee8f44b7191d91c8015291c754f","2,583,776.98034188","No"
"0xa5ed56974a55b5d4c6d37ae943430de93973041a","2,582,821.5081","No"
"0x37869544c071fdf16dfe862f148488b4768dfbc3","2,575,671.17093576","No"
"0xf90112e7c1427945e37a17916074726a60403242","2,569,685.1762781","No"
"0x4d179fff7ac3703bdb44d6f7ecfd015c3dfaacb8","2,565,106.5073","No"
"0xd8d01ed6028ef750ad60447304e927c76e2cb6eb","2,558,649.2442","No"
"0x0b237a5a93ff01ca6b2417eaf26b5ba997da2cc1","2,551,702.88071831","No"
"0x0366c46e1c6f41f921146239fbc43f7a38c690dd","2,550,304.49","No"
"0xf1e58afaad62aa9158accaed13c3f2f552163f3b","2,547,237.06454846","No"
"0x5f1c1092c4f7bdc19e4592efc0ba06f74f8e6fed","2,546,251.8124724","No"
"0x6cf8cbb5b98e539cea29bf415863ba53661a40cc","2,542,222","No"
"0x4c75261faf8673b05e3c71cec6ce93a2442c8c09","2,541,547.336","No"
"0x92f76870c2626f2a58b3ca80f906d228ec62426f","2,533,343.95857064","No"
"0xbe2dcd8871ee55cc3096bf8a71d64cd480506b61","2,533,114.68147595","No"
"0x0ee5b9e9db4cb9695c6747964271d01f77a37d7d","2,529,727.325","No"
"0xb727fb89d44655dec87f15891bc387c29ee0ece5","2,526,919.8648","No"
"0x1d6929d01a23685398392516e92fc3065ed948d2","2,516,576.307","No"
"0x227860c1bd0721b42f98669d580f0fab9e6e9904","2,511,920.5875","No"
"0x84046a198c7411530c2e9c5ea75ac84b45596521","2,510,190.09053047","No"
"0x2c995635e6b83bc5cad55cffc663497238caa084","2,506,968.16531075","No"
"0xf9f568a5e990b1a342fa615c170fad4eb7da8a68","2,506,890.7843","No"
"0x33f48c66da2b9b8570467d2f56409b9730b0ea8f","2,503,312.2","No"
"0x946fd776bde2a6647a5a307835d1a5be543581a6","2,500,244.241264408603542038","No"
"0x5a054ddad0776bc360386d09c8c571407c0c9cd0","2,500,000","No"
"0xb1b8d9136774b02ba7d0f71f114c6923b4ae81b3","2,497,357.49134315","No"
"0x86ce6b40642f753ffa8bd0a2f897ca21914f4de2","2,478,300.0952","No"
"0x65f09d561be8c34081fcc5f67f8c9b421fc0990c","2,475,921.4479","No"
"0xad0aeff026e3ed47516bc3ef4ae99667e1c58c05","2,472,124.27042438","No"
"0x7842d72fa63dbe29fa177e9af255f34e1ae5aa83","2,466,513.7523","No"
"0x5379a8de83e805868553222d6a0fd6b160c23854","2,443,155.5112","No"
"0x9b7db798699088d9a4653588b6afadf476db2685","2,437,766.8996","No"
"0x05a001575f5ff1d64bb8bb52380a30939e537dde","2,434,082.153","No"
"0x248784af80094fe92f915674b2f4409366443562","2,433,805.0742","No"
"0x8798b7ef4b93be7cdbacb4bb76c87ef488a4dbcd","2,429,306.677","No"
"0xfd7f25b651efeba7af8ea949687fd03d8103d25b","2,424,583.4572","No"
"0x4027ae4bbecf1ae087b19befa6bf15ea2a04975f","2,422,688.14310749","No"
"0xa5ae5874f7cdaada73f2e56718bc5957fbba9192","2,414,782.189","No"
"0x2aec2a45d1d140373f30d40c600cea9af901c58e","2,413,411.73139708","No"
"0xc956aa6dc81881cf1a16806b8c1286ee0d253022","2,411,282.216","No"
"0x864a90598964a544db130f79566189f4e5c900a5","2,403,533.962401174456100506","No"
"0x5a52419446ed4634847e796a0228d7e8d3f316fc","2,402,941.691985115590303256","No"
"0x57ed281935703ce79ecf054b7cfaeef8d6a10c06","2,401,821.824602754944194912","No"
"0x42a70bb249638809dc3d606e5206596760f54d12","2,395,508.7057","No"
"0x64389d21af33aa1eff20449a971c771c52667257","2,393,900.94825519","No"
"0xbcd973a80bcae89c7bb8aeea756eedaf8b32eb70","2,387,908","No"
"0x9240b03e301bdfd560f2d988c12e731baab4ecd4","2,378,661.5923","No"
"0x4cf516ed19defec60d3352ab351108109f8e0ac0","2,377,486.56224025","No"
"0xf2660d373a7e7aa2428876810ad3cb3789d3a7e5","2,375,869.32","No"
"0xc86802d66d67d6deb2ac0030972089f1f07e7bfd","2,372,525.333","No"
"0x5a36c2dc2331ea02ec85f60477237dd85eae3a51","2,370,310.03794023","No"
"0x5f042e78cbd18f22d3326b53faeec16eddb94c75","2,370,111.3136","No"
"0x863bbeb01e5f63b4bbacfae613e5bd3513f1545a","2,359,093.4951","No"
"0xa2fe0bac9a9a0703954c967fc994fdcd8cd34262","2,344,322.344","No"
"0xba55aa6a8153c0bc5d15e1aa4c75b1b63c3e8689","2,339,719.69552154","No"
"0xf4483b25348bbb38b4058bda2a4827c1a1570607","2,337,982.698","No"
"0x94a5bb831bec27f9018a7d5fea7a0a6bb8ae4109","2,336,943.4965","No"
"0x84f561545a0e3d63b59ad5862013b938f63035d4","2,333,333.333","No"
"0x3b58b97485cbfa5ddabb9852ccc612edd97afd8f","2,333,102.86600496","No"
"0x8f5deb636cde45992a84d5dcbb346446631e1869","2,330,371","No"
"0x101f67324137f82db84f5a5a84661ac5b3635765","2,330,000.003","No"
"0xcf1f5cf374b7114e3859c91b75cdcb9af7c391dc","2,323,903.0028","No"
"0xe4253998e49941960fa2098880719e44271a6f13","2,322,594.404","No"
"0xa3aae7563067a220b0c158a01c92c64d54e19739","2,315,724.2482","No"
"0xa7d66543ecebffb1595822e223058f0045f747e8","2,308,773.88990368","No"
"0x0cda4c0f7a8b966d9b8d179d15c4de3fb43b4f73","2,307,342.88417705","No"
"0x3c8d3c2f0b83dbbd5f1fde09966f185d9c083426","2,307,000.27","No"
"0xf8d86851cb015e2e9a03684859dea66d9bf80610","2,302,538.46137047648076657","No"
"0x0f81892c3e28ce9a8e296c6d5b066a2335b24c49","2,301,478.33839968","No"
"0x61eaed0f8b1718119d1718839e7d259a2ea2b67b","2,294,767.7216","No"
"0xfb2fe6537769abd58616053a6e801beacedae428","2,289,408.2743","No"
"0xc593b86190213fc2acfd5df450bb891e19189b0a","2,288,254.4513","No"
"0x7d84742195132156ad758a4a8ffa4fc52d1343a1","2,285,532.30606874","No"
"0x3d19111eea75164eb7aac692a71518c410833673","2,283,913.608718155832577063","No"
"0x1af890f23ef9b15c0d8f56c04f82b6531ef7631f","2,282,333.3484","No"
"0x7550da6ad1c3376207c616dc02ff2a4b277bc347","2,280,604.042","No"
"0x0be525592878e66a6d1f69f98e0e8c02ce3090ff","2,280,557.08","No"
"0x22e2322aa12c25cca30372dfdb91e3fda9a0d666","2,280,491.725","No"
"0x12631041d91ef9a5dc3647cd78f73368881a301b","2,277,399.92217266","No"
"0xaaf077238837b1dca645ab912a8f517db3cb3fd0","2,276,907.865","No"
"0xfc2d383e418b1a3966663a160f6060cf7ced6b78","2,272,265.1229","No"
"0x9955c0bf80adfd7c575366d9ce7e212d0b6768e6","2,269,477.12021445","No"
"0x2844f1225119602785465fbefeaecb4ab65134a3","2,266,254.0332","No"
"0x10aaca006e1ddc573c9910f2a05f197a233b0209","2,262,664.2587","No"
"0x44ada93038edb6847ea539482fbfdd66b00fdcc8","2,256,518.35","No"
"0x167b342655be153fd4a9b8f374802baf16bb7cbf","2,248,032.91","No"
"0xe5ee541d48de978da3861e11251b062e331bd132","2,245,153.205","No"
"0x0331edaf684a8fd357d439eb22acd86b51302b9e","2,243,369","No"
"0xed333bea3fa30011c41800941aaeae88096189cc","2,233,825.59487063","No"
"0x77910891241a41c0829093ab538c541543a1e571","2,232,449.737","No"
"0x8da67ddae512037c30e76648b2d501214359d36e","2,223,931.03214035","No"
"0xd2cf9cd6b634bd01fc5bce10f9b598dbda6ac6e3","2,215,391.8966","No"
"0xecb2e128fa5d6db43c404ced33a00f059d5ad56e","2,214,125.6923","No"
"0xa4ab0cdec94d24f61e8c5dbfd5b4904711a3177f","2,211,893.5412","No"
"0x933bc940927ea8a45adac669fa05fa907fbfcb0d","2,208,632","No"
"0x48141ea6edb7ff8655404128b29cdcb6c47aab59","2,205,703.3781","No"
"0x43d28df7fb8b242fad55ae82d7de817319c3574b","2,204,667.862521240659116714","No"
"0xfe7772696a5367416ead37a27dbeaada2a5edb9f","2,199,274.8922","No"
"0x09eb9742e225162cdb7f6c3d0ed37b26a6e4a39c","2,182,837.54","No"
"0x14f0aad0aeaa7426454086bb3271f4cdd04f89c8","2,175,505.7922","No"
"0xf460f763d6fbcb628f3b4d2776d17d8049247425","2,173,528.3285","No"
"0x245b17a4ba689799155221a378420ef6500da824","2,167,408.2082","No"
"0x8039381faf97ef62976db97ae7cadfcb2a2f391e","2,166,000","No"
"0xb917ac213ad401a2e2bbafc2ae79cb57fe65598b","2,160,909.7499","No"
"0x7b234f98ababd152aec3bcadfd5c005997917a1e","2,160,736.253","No"
"0x8c45f9d650106e204b6d70ab5245c52803713188","2,160,038.9872","No"
"0x2c7e739dd5d9a79980b0119b89d0c2fd240a2cff","2,156,375.13475185","No"
"0x1fb6de2315e88807b96fd68a77a870519bd7829b","2,154,404.8303","No"
"0x1627c4dcb9beea005e1bd77c81c8cf28d82706d0","2,154,090.3203","No"
"0x78709ab7a4ad7d800eaa0e94ef9684348b5e4205","2,150,000","No"
"0xe36f227f26a1f2581a4c353d2403a182a14bde07","2,146,557.148","No"
"0x9fec091bf3740ca78d00b76652c945091c6e231c","2,146,530.255","No"
"0xd1c87ffe039c22278d30723d2e9dff88339ab62a","2,146,530.0111","No"
"0xf4f4f7da3275536da37539708daa3ab025352090","2,141,599.011","No"
"0xa25f87bb37eb70bfaedefca5c98d0f7acbd15a54","2,135,967.71517358","No"
"0x686c332bafb58b55a234e0d0e9dc3472dbd9c86f","2,134,333.36693603","No"
"0x1f830d8f398466c81788d8c3f35fd32036bdf609","2,132,393.018","No"
"0x2099cc6d7d50101181cace47dbfc79cfc1f38be8","2,131,526.308","No"
"0xa33a077f2f98395674c39b8b64ca13943f1e17b5","2,131,144.942","No"
"0x6c2517fb7f686b20d8ea8003d2e5b4371a4f0199","2,130,605.1667","No"
"0x18239273ac8990d4e4a3f2a34186d787c56a8a3d","2,127,892.743","No"
"0x9a13dbbaa422a409d7507bb297d2739a0db2368d","2,123,859.90906928","No"
"0x5f20db438bc9f178028d6aa941267fd02c0dccbd","2,122,328.456604103","No"
"0xab4c339cfac1abb5d4a992acd8aa02192d81ef3d","2,121,504.7965","No"
"0xb761f3377c0b75b4f97c2f710121aaa735adfc22","2,114,917.1544","No"
"0xd5480684f2f0a8d5372d9998ea42bd7c9b21ab13","2,110,289.55","No"
"0x565044408c9370a6f98bc98d079bcfc28cd89c24","2,100,000","No"
"0xbc4ffd6b25da6cfb16c75468e8f6c4a0296ddb49","2,098,215.273","No"
"0x435badf23d8796f9589e53a124305ebc9c463916","2,095,709.21975436","No"
"0xd7365221249755c9d24852deda0baf1b80843a91","2,093,913.0434","No"
"0xe3ff4f81635c99c496ab795e2c8727492bf9020f","2,092,353.764","No"
"0x1b7abe8546db77b3108fcb4f3875f1d28879d210","2,090,179.42435693","No"
"0x59f892a3e7ef963c671901ed3fa09b320fc6aba3","2,085,901.144372984048823564","No"
"0xfce2d3f51b2eaa5c6017f2e5d61f1234665c6e85","2,084,477.581","No"
"0x682b66241ec34cda1026df389922ebe105d71c0e","2,083,404.066","No"
"0x8b543cbab52d92a82fde43bcf74cecfbe716479c","2,081,109.0261","No"
"0x4a2150af0c975a62185cb8827a95db855c95dd42","2,079,956.564","No"
"0x8b397440f44f8809caa27f0c574d3594787dec42","2,077,619.392380584187450294","No"
"0x015823a44ae4b38da9dcd2fe5ee859b7a611bc9b","2,077,618.46837982","No"
"0xd3cea1252ace9f6538fb4e90755aaef32f6adf4d","2,076,643.78","No"
"0x25bea42430322804c59bb757c3beeb552c9de4aa","2,076,515.974","No"
"0x5621f7e3d10c9bb71783588296540aaf7c8970d1","2,069,735.6056","No"
"0x3ff2fa78cc01ea7c4d21fa47eea6fcca585a400f","2,066,943","No"
"0x1418c6fc9c5bf754f1904b75e244fc6bee7a6212","2,066,667.7966","No"
"0x60bedcd03643e71b397834940a7127cf1fcd85e6","2,062,037.256419","No"
"0x9c3c2bd58ada796290308acf2bf83d9e667bb60c","2,061,277.6591456","No"
"0x23684b2e8108bc6b54b5fe51719450796b2a1989","2,060,911.6237","No"
"0xe735b8018d2069a8744f19ca3223a85a2dd1a279","2,055,763.464","No"
"0x590f3dcd2dffe588238ba12e1a110c4016d5b0fc","2,053,568.9192","No"
"0x64c4b3057724937b43339919708d8c2864822ac6","2,053,061.16594907","No"
"0x6df92204103bfd90ff4d7cc7542dbf1c2017fc95","2,051,572","No"
"0xb4aafd9cb85168afbbcee1e8b09457bfacd31d7e","2,050,000","No"
"0xdbfaa061fa3d936a4ccfe00b1314705fc42c13fa","2,049,102.7794","No"
"0x7ae4115fdb4e233db4479ad4ab6bac58b73b0dfd","2,047,994.835","No"
"0xeb8d05197dda8f2e34ae2bb8607a06bbadb87019","2,047,351.7002","No"
"0x2388ccc0999a3e61d17a72e5fa982e2df5e2b8a7","2,043,513.54","No"
"0x90a25beb083032988537504bbd7f7a5c093e5cc9","2,041,443.73021517","No"
"0xafa8445a16edb6f9a450f68c40f6fd77950eaba4","2,041,273.126","No"
"0x63f6ac54fc302e99c3fbff1427f2243fcdcbb246","2,035,184.2613","No"
"0x21d77005f8572a2b0557e3f41ad920397d76d9e3","2,035,061.51","No"
"0x3cc818212e91c6a1ed3e61438b6778c4fd55578c","2,028,036.3923","No"
"0x3eb00936976414a1635fa91dfb0346450d2f6d94","2,027,948.882","No"
"0xf5a3b285c91f06b21882d8ee57c12b5d04239fbd","2,027,853.16696339","No"
"0x397ccf4ffeb9c433b463a050c69cdf87f4ec09a5","2,024,469.378","No"
"0x9e5cc14bc8c622eedecdd158e192e96ed434964e","2,023,286.12761827","No"
"0x4e49af98aed8cb87b4244978407b89f782be03d6","2,022,771.8884","No"
"0x54cc620fa668637dc03e3d65838fa208d2d5bd36","2,021,610.0086","No"
"0xb3b958118f85a0b582056340f2a67b1d6b6fdfbc","2,018,048.663","No"
"0x71f67a4343911791097af00d16e49f222286f38c","2,016,345.366713913182796913","No"
"0xe86b56079a0710a0b16ba8afc3bd373b2e1b6123","2,015,433.688532","No"
"0x31bda23a1bd04f04a55fdc1f6472a422c9d5c8e3","2,014,705.882","No"
"0x524d215493dea4dd91dd32840f6c289e8184af3c","2,014,661.0774","No"
"0x3fdb1bdd4848f36a28744d709e50abd6164b58b1","2,014,081.7966","No"
"0x07f6e1ce0a89f11c5ec2d37ccad0bbd16df71dc0","2,012,394.67304146","No"
"0xe6d1430edc6f58f569f231f0694c1443b8ceb561","2,011,604.934","No"
"0x003420a8a8595e2b0a77dd0a6c1fe0340344dbff","2,011,483.4383","No"
"0xa98b87e03c9f391cd5d8f2f7bb9dfb3b27340201","2,010,837.123","No"
"0x1842f1036bd3b2f329eefc7adbc43622f43f4869","2,008,523.49962146","No"
"0x1fe405407d997f82823a1b5bae1876f5287f0a35","2,008,063.901402570378688994","No"
"0xe94271c537c8845b26fff1f896c402c0d27e5335","2,006,323.82044033","No"
"0x07050d72edf3782398f5b87c73e0506eb22f3e8d","2,004,169.894862709220197636","No"
"0x9d82f0df4717805a9ab29a8baea9d7a7d6179bc6","2,000,001","No"
"0x397aa884e3d2d6fbe8df6a72c02552431b1acea6","2,000,000.00000051","No"
"0x283374ea5eb34d128f88aa4646bb4c9a71b2f41f","2,000,000","No"
"0x1591be804e9cee2181400d4188bea13a6374f448","2,000,000","No"
"0xf890d13d217c2f555c762367295235d8748847e2","2,000,000","No"
"0x6982508145454ce325ddbe47a25d4ec3d2311933","2,000,000","No"
"0x44d7476881d2d6981a0573928fdff2164c0da9aa","2,000,000","No"
"0xc1142589597455c9e9075632472b1d8205f79010","2,000,000","No"
"0x484290b6eafc18a40f9f5999cda97f882e3ce0b9","2,000,000","No"
"0xa28b56307e50c77ea8e1e48e9d7282159b573659","2,000,000","No"
"0xb74f34611500b30736ee7a2ef8311f6e2f7a199d","1,991,577.405","No"
"0x8827179153c3064f3a835f465f2a393063029425","1,991,373.5225","No"
"0x577d4d16ad12887ceef8e987c81cad8fbe587ec6","1,989,168.8171","No"
"0x595c8aa294abf2676581b930663a678d29ca63e9","1,987,037.59273012","No"
"0x80c82e5f0b8fea7d29d1bbef8a892f0bdbcaec46","1,981,662.2278","No"
"0x7ce878e6a9d3c3e42a7ee9db113ea2fb377ccb1a","1,977,912.78326387","No"
"0xb814cb7609b119296f939958b53f1fd794f5c9c9","1,977,380","No"
"0xa0d96f3595ccdd0b934bafc5cccd59fac16329a1","1,975,000.14321348","No"
"0xb7079702c48c190ae91984562ef617fab8046406","1,968,928.49137545","No"
"0x876e7b569a5a2620925a471e5a5cb291245a937a","1,965,250.85228434","No"
"0x8ee4d9fc52280118f97624e33c90889fcb5f4c9c","1,965,017.606","No"
"0xb322a42c63d23ee14ed2ea14e00de41132e10ef7","1,962,671.0379","No"
"0xbdf4efa4e54c74fd542a6fdf68edb3794c1c51da","1,961,889.338","No"
"0xec6f2a0e610df136428c4710827550fde63e57a3","1,960,335.8926","No"
"0x076e90c7e8504cb92876763dc04a37e111aa444d","1,950,912.9304","No"
"0xe5c6f00fdeadacea4ddafc6bb7efb34f7309c5dd","1,946,626.2902","No"
"0x5248edb683030585bdca37a3d13cefdc96a82952","1,944,813.094066442241905395","No"
"0x2682ff3317ebbd81864dc26e2e90d9becf3cb11d","1,939,973.726","No"
"0x69f9de792e93c05a32ae0981a1438580979a0748","1,939,713.588","No"
"0x74f87ed425a402146b7567173f5666175e5f977b","1,935,558.04578878","No"
"0x91b169610eacac56d9201c3f2d7c8787b594e9f2","1,931,209.76463901","No"
"0x29550d35df9d1f9ae02a17d02a874e55b2a2e511","1,930,293.56394102","No"
"0x04c2facefdf1e4ed21486e1d4c84413083d246cd","1,930,029.58615255","No"
"0xcaa979b453f60254c82c1df27eb5a867d29f77c0","1,929,249.55713838","No"
"0x75345e39bd1081b9667e3f8d0f4c06e6f261f5cf","1,928,136","No"
"0x66cf8bb7a4c7e42521f3bb0563257c2065e40feb","1,927,012.1769","No"
"0xf113fea1604fa9b631e7f6e4f94b59206b5427d1","1,925,223.791","No"
"0x07e52fb82c9cf0f0e4e33247909a0e8cbca5ed88","1,924,684.254","No"
"0x28a51f9a2291485d2c708f702b14130890b0283b","1,920,000","No"
"0x3306137ae894f5cb5d10dc4b9cfa1dd631cb81ad","1,919,114.58","No"
"0xa8dd61bf039937721e1e18bfa7ca40b42998c06d","1,912,991.5395","No"
"0xf77a61e31ec4c72d55c0ddfffe0fb72df1b348ba","1,907,852.879","No"
"0x29d906a6efe0dbe963c49bfea4c6c7b4348da22e","1,905,124.82953136","No"
"0xa02c850728d41a56a57d431ce066ac17cc478dc0","1,902,310.481003195430404875","No"
"0x71db73f6951ee58069b8c1e941543ea266516f1d","1,901,945.8102","No"
"0xcbb10db37bd01f52ab26e1b8ce7acf46785aed18","1,900,000.00002603","No"
"0xa619320f07b1acb7377fe84f734c76a9fd011474","1,900,000","No"
"0xa688577bead07b599e3c039a0f90345303709f14","1,895,000.01138034","No"
"0x661fddf3cfda55be7112a8884eabbe32804ea968","1,894,918.516","No"
"0xf14aaaa3b82f29f405a59fb0287cdd9c126eef45","1,890,324.8914","No"
"0x099cc3ef28406e8bc8b3f82e7de01f29a50e5861","1,886,423.5641","No"
"0xfffa733ed40086ea37175e6bbc0572e5d2d105d8","1,882,973.8","No"
"0xff08e4e87b5adac264995f0848aad89c52a02f2a","1,879,163.8636","No"
"0x7cee2384b90d46099cdd8bbcf29cc08ac842df89","1,874,758.4683","No"
"0x1f34015ca6e3a62a98ce2689864a22131b5dadf8","1,870,630.061","No"
"0x40ae41bfe063b8fce17123cbc06ca8491665a1c7","1,870,487.877","No"
"0x6c80186f08b01ff443300a8c0919bb6879fcff1e","1,868,935.1452","No"
"0xc31924ab2931252678bb99cf9629c8ba6173fc9e","1,866,486.055004589422","No"
"0x0c4262f2c3d91597e2b1f16248d85c0c2e4ff9d0","1,865,144.616","No"
"0xf8292872dca6909b152977649a0a844151f178a4","1,864,590.82618768","No"
"0xcd97d6cb970ae9bfa2b7b7cc91a0a4c950c36539","1,859,449.0709","No"
"0x391e81f668f6304ec295301272ae9f52b6f0650b","1,855,825.61032766","No"
"0xd2ac7f25a09cbe510d4179ed92d397ecdf961a27","1,851,765.95084995","No"
"0xf4fd0c094b82f2df1576100dc9947206063aafab","1,848,084.33","No"
"0xd19bf94bce2bb17a5a2fe66bf1e285c33be997c6","1,847,907.8409","No"
"0x401525fd7e7a68b205a456c692ed5c3e1f91c376","1,846,345.82","No"
"0x9691a5715ce12815bc01c2f6ddd50a9e55f3138c","1,845,387.39958955","No"
"0xad1f33450c9139cc0b8bd5d873ee5780fff3bd9a","1,844,061.764","No"
"0xc8a38766588874865c302c372281200effc2ddf6","1,842,552.88","No"
"0xa3647158f6e50b3ce10051a0af9788529ba78542","1,835,143.7836","No"
"0x49dabb80fd8fdcb7911fe2d5142a8a58ffcb5f61","1,827,908.3631","No"
"0xcc979a9e27ffdd92cfedc7f5a68688c999e20af7","1,827,709.2695","No"
"0x8515b6c5a4e2c05240dca7de685d5a718dd15285","1,819,441.8857","No"
"0x6f4da480b5ebe8d3c9a4c505429f6df430a923f3","1,818,087.1565","No"
"0x0135584d62b9c0167892e7bebfff8f8c694dd596","1,817,772.31","No"
"0xf5cc494a5f06875e30d2dd9af1eef26e337fcfdc","1,806,238.2062","No"
"0x1e36e6a42a8d848a4bf901368c5876aa4caf23e0","1,805,106.21238178","No"
"0x5072002e3fb1f5ce933fb35fa54698a06f066a9a","1,800,000","No"
"0xe79bfa7b1e07159cc1af831a5e02a3d9b85ad611","1,797,041.27906976","No"
"0x15e8dc99698fd29c79883ad1dfb956c56ec36b1d","1,790,757.96923549175329899","No"
"0xd6e08895fc716f45a80e67b35cbb5e8a7089eb84","1,785,456.786","No"
"0xd49f5f545b4f89f1c20da032574f22aed04b0701","1,784,909.61","No"
"0x814afb68363c288ea9e920e9ce3c52ec8b0ab37b","1,782,120.3279","No"
"0xd9a209f01931114dc0128d49b0c0aa9605ae1f6c","1,774,624.67044934319763395","No"
"0x9c7cca3a2e0aa2ea37baf691bd782bc5da312047","1,774,120.8724528","No"
"0x426fd17b79cdf249bd2d10e805cf924d0b7b5382","1,772,403.14523371","No"
"0x6d1cf15584a44ddd7e2412d734bedfdaac4810c5","1,769,249.723","No"
"0xdaeb3c40374946e4c73d076928e4ef007fe43b88","1,768,575.23","No"
"0xb224c0c5864a89ae2014329596d994ae16aa213b","1,764,556.066","No"
"0xc4c75747b575a5ca13cb422fd01c2fd11066b735","1,763,959.641","No"
"0x7371ca0ff95c74cb0fa8fb8dba1723de738f316f","1,763,676.82","No"
"0x75f710c85504284adf60d07a0a722ff95fc733bb","1,763,243","No"
"0x2e7403948c96b09c5b7fff4d3dad02349a3e0332","1,762,428.892183283783796311","No"
"0xc1da7d5031c503e5cc334c0f36c977b35750d30d","1,760,997.26650581","No"
"0x6cf2b2db1c5ea12dbdf5729b6c35939264c3885b","1,760,985.86838256","No"
"0x3f913c11f6def7e356d299814291469e6417264d","1,759,374.478571424596250307","No"
"0xf8e02250f97e1485a07845e70c119789096674eb","1,758,691.88","No"
"0x6ad65dd1017ca48f691e4dc371824a154d78d228","1,757,501.1977","No"
"0x26c38389f4c3c4532cbb30c77d1266a5dac41cc6","1,756,930.05","No"
"0x2e3241b34bbfb7a94ac7ec976a2d8878a706816d","1,755,996.9351","No"
"0xcce5913e91338d9a61eadc1d715613fe013b4c0f","1,751,531.06149242","No"
"0x2dcdb028ed1562922149b3587d318e3a6953874a","1,750,000","No"
"0xcc16f4642aed8dece8ad5b03e73e052f94d591fb","1,749,510.21605298","No"
"0x36af96f2ba3c5bd8a79c7a9f8110c8893979dffa","1,747,775.126","No"
"0x04c4560343542d0951212928594c41a4f9b5ff16","1,742,129.4776","No"
"0x5e89492ced829cdd2faaa26d382993000d1c265d","1,741,788.29795617","No"
"0xbd0d63caae078fbf717917236a0822beeab69ed4","1,739,528.75032329","No"
"0x35c372487b265fb691a3baf33f5899a189ce9027","1,718,237.098","No"
"0x5d38e79907f32bd527a210a73e9b3f289ea9f7c0","1,718,207.8382","No"
"0x0d3ac5d51bfb6a12726ca0b6e58842e17424d1f5","1,716,919.999","No"
"0xa9b259f9d21fb06c93f7692c51387dd28cde4e0a","1,707,573.619","No"
"0x64468f28e682728a59f5ab657116387d04bfbcd2","1,707,363.4621","No"
"0xdec8ac0108bfe46ff670f58dda21447ee8e7bbb2","1,706,112.127064075313676415","No"
"0x2ffaa69b27b306aaa99c43e3bd1a5e9e24fedbb3","1,705,499.999227412697964371","No"
"0x7ddffbc71dba0e40f24214fd548c97aa44c4e1bc","1,698,168.2005","No"
"0x3047a775686cda24e0df5ddcfb632a97c2feb2ca","1,694,400.59983339","No"
"0x29372385e503b83e3bd9f8a7d76cd7d588b56bbb","1,693,888","No"
"0xbf71e909b37161f0b0575ce487f74f5481239af7","1,693,820","No"
"0xc2a1831ed6353fd614a4beccb9c64c33658f3802","1,693,202.98","No"
"0x6a4206ba7cda73238899e106019b47f5265403bc","1,692,768.44","No"
"0x19f16428f0f7f1b1da554f5975ae5951cc3fcf09","1,692,762.925698458747199319","No"
"0x887b3f045bd0a26472c0ef5527e8a4d1e6b81b60","1,689,654.582","No"
"0x8b3a44a3d994d291badb49ef0645ee0491120e88","1,680,412.92018095624431031","No"
"0xf5651ff6d2faaec69d60eb05a34653ba88bcc5d7","1,678,921.569","No"
"0xe46291784f40bdd3a9394c41cb06d2c9d230d191","1,677,410.75","No"
"0xd691188d3db8033bcdef2a3df5b38331c733e2e0","1,676,951.173","No"
"0x0ce59bc0361fb09c6adcfce24355dd3a0d325583","1,674,378.699875507058462495","No"
"0x0d0afdce911f3f7051ee266bcb6ab7d9c916f5cb","1,667,676.333","No"
"0xefac5473be4d3af178f663973840a6092c22e527","1,667,609.8536","No"
"0x3c6705c205f3cbe0247de3f35f6023b0c49e3016","1,664,999.99732749","No"
"0xd2299109e14d406d671a98775cad91fa919e90ab","1,660,975.6935","No"
"0x90a907485c42203c660ccc65884823d1773c0695","1,656,133.7572","No"
"0xdc21d83abaf763dbc3cc8baf09bdc0b3c5346a91","1,654,884.07575428","No"
"0x7b8dd6b982ce9743aefba006be2c37944df17f2f","1,648,000","No"
"0xa7e9344d89dcb07641b86fae0bbe90e4aec3a93b","1,647,315.915","No"
"0x8ccc87e28b80f53ec37267584e0bbc5d6b2e0664","1,646,519.011","No"
"0x9c63f6dfe0b41accfc9175356ca07a309b79db2f","1,644,553.03946666","No"
"0xa005ab851cf380fd0106725dcc84c390a4533fe1","1,643,033.6866","No"
"0x031498ce4692d2c69b9be61afeca7aeb6e937263","1,638,242.6863","No"
"0x3fc81e19f70072daa8be62a68ddb679f0899d696","1,635,477.21667142","No"
"0xdb7e18e5b6d594cdfeafc3686914e8ea7882ea38","1,633,321.8041","No"
"0xbb68af7353c48b02b597c59eaa1819de4a59b03b","1,632,486.76820941","No"
"0x468972f2d001d67c4098de3a5796bd1e5b68e14e","1,628,996.3089","No"
"0x9b559becf0a8516d8d57598f0ebf70db7bab809f","1,624,939.5624","No"
"0xaca9c31f59ad2805c1bd94388b651f7c26a02c20","1,620,000.0924","No"
"0x8b36198dedffc34477cc718e0f34b3c853e5e0b7","1,620,000","No"
"0x28c150b6f912fc54e19cd7aea17f5ac3c4c09990","1,618,821.134087266854057374","No"
"0x175f90d47b2c3a84ae5192e323abda6740d899e5","1,618,812.271845693504277604","No"
"0xa0f024c45dc3acfb5338e49946cace74cb952ba3","1,618,617.18","No"
"0xc601f4b4f358a906ef3da935f75ccd8c6eba5422","1,611,982.8387","No"
"0x6b97cf326edcc1ba0f8b29d2c2dd0abf1e119ebb","1,608,056.4087","No"
"0x4104a96d728926e03e01b147ef9dfd6c0c1878f6","1,605,856.591","No"
"0xd71440ab70277c7c068e7a6721cfe37efe0a8164","1,604,918.27","No"
"0x301fb12704e414156338bada7ed114435818665e","1,604,600","No"
"0xa23364afc331470b26c419461d2bc16dc36796fa","1,600,000","No"
"0xe5565e5ff1e967fbd1349ffed444ee778a526c1e","1,589,737.70038368","No"
"0x62ac5ae1f8f69ec390728ca8a8e5d22793279089","1,587,467.882","No"
"0xe5234ba0c23a4a47bab554df6b68f03dd398d2a5","1,571,071.03036291","No"
"0xfb4c8f8aa4cf72cd6f80308c0f7740d10ef396fe","1,569,243.6282","No"
"0x7a4f592763a583bbf85f6c7cc4ef5cbfddb48739","1,568,078","No"
"0x7c7bc7157825e2f8ea1e35f6dcd5c60c8180a56c","1,548,033.0395","No"
"0x7990c94f71f4e4e0703c8ddba2b90a2fc851249b","1,548,000.34","No"
"0x8242e6f5343c43ba02d68a22d9fc799dae5fa083","1,547,175.6151","No"
"0x2f4f4bb5feffc38052d1c5c0230d99cc316cecae","1,546,804.5488","No"
"0x05a02aabcc3754cdc8050c4fe3c30da128d35042","1,546,250","No"
"0x4e1cae001e585e8880b462aefa2b1e157e626ced","1,542,476.57","No"
"0x62244110665410553e7bc5c8e8984733f4e3a049","1,540,291","No"
"0xd67e494d5520cfa2a9490ae9084fa818d870a416","1,538,506.749","No"
"0x4c0ae1d1cc36be7d6099ed0b2821c8056867765c","1,536,837.7464","No"
"0xd91b8d758cbf8f9fba17cff62187a97bb8498407","1,534,458.63568071","No"
"0xefc09d7cf5ad750ac6fb5389b1ba043da68fbdd7","1,532,892.618","No"
"0x786c244d9228ce7a95ecd1042a45faf917acccbc","1,532,205.302","No"
"0x85f02d85e915aac36700d81b8a22c37dd63d68f4","1,530,000","No"
"0x250a9e0155d1bb2655983db65dcc03c620ed02d0","1,529,372.632","No"
"0xb5afa05bc4f1b93664584c0809ee9e59d092a34e","1,521,979.41341524","No"
"0xdb557b664101a9b05404ae1af07c49df4e8fc797","1,520,698.598314127899056551","No"
"0x0aed56ed469240089482382d0e9b93dd4f48da37","1,518,278.39","No"
"0xd04cf59c9d43e2fa37fa1df03fd538ffb75518c1","1,517,058.707","No"
"0xcf84a3f8745452d5233cd9b0924f140865791424","1,514,931.6607","No"
"0x5bb71616da0d657af07999e95fbc418c83a509fa","1,514,241.635","No"
"0xdcbd0c0c7e72a9dd952082d071e36984ed070661","1,513,993.15552074","No"
"0xbae3be658451f56a4dfa3271a48eb33fe9275a18","1,510,431.88","No"
"0xca210a9c884a1194d77c53ad9ac771b1382b8bc3","1,510,097.30920144","No"
"0x39d48218c6af2ebc18b6dfd837e94a6ca6be9d76","1,509,828.708","No"
"0x401fa4d03669ee1819a09431752de080b7f46f51","1,508,028.2570438","No"
"0x2a066ab2bdde3c2105b9e298f0cab28009b274e0","1,505,492.4122129","No"
"0xb5f067c1fb9d62690a056338679d6b9042e72dc6","1,504,797.335419065297556744","No"
"0x90495721aa41905591e2da89385c927a08bb993f","1,503,019.4348","No"
"0x45a3ab182c7a6d80b95883bb74a235b2fb9922c4","1,503,000","No"
"0xeb8ff3eea698e5b5254d5322093155b75c2fd0b1","1,501,677.8","No"
"0xd3e8fa1c78ec15b8917c7ca84f08acc9fd836ca5","1,500,950.111606432363624921","No"
"0xed05cda83ee51834ce2899fa756cbfe8b453ef74","1,500,771.10855463","No"
"0x6a3fcee0a592aa4011805b09dd3b47feaee42d39","1,500,360.4208","No"
"0xdaa22754881ebfec7052a3ca47b39d087c419d5f","1,500,310.395422938367645876","No"
"0x02a71eda8e74b57be98bfacaa3a57ef13d1df3f2","1,500,000","No"
"0xe6c9a696cc37efd1addc3422c45bbc9c49cd7d43","1,499,333","No"
"0xd53ee62d3bcf114a26ec41f058c45cedf80493c3","1,498,186.25887965","No"
"0xec7c39a95f08a32ada270dcf03a326d3bb3ff562","1,498,186.0134","No"
"0xb3edebc51d58c333789066bea06c1178d8d62cf0","1,495,909.699","No"
"0xe0c3bff992e51fe39ed8fe42cb1d57c4f98728cc","1,494,880.11967011","No"
"0xe438114257a58c12f7a11ff483e99a7552a00a91","1,492,684.21","No"
"0xba2faa8d40a9a5a255e88cbf27636fda7894c9d4","1,491,171.8288","No"
"0x5f8516efc29b9485f255d4f86983b92977d1a704","1,490,442.1945","No"
"0x7fa3b3fa4e1379bed1e43d37782946ea9e957a38","1,487,939.216","No"
"0xd7682731cf071899804839b936662b10f0132987","1,486,963.2771","No"
"0x075d5f8803c06831aee8aca71389abd9d1f4eae2","1,486,054.58","No"
"0x29db9492215507c9922e20caf7efb6eaa3c4a8ae","1,484,442.4307","No"
"0xeaa9fdf600739a1f2fa5fe4e5ff12094369ec58e","1,484,059.35845023","No"
"0xd5b950bfbde341e275956d23d2d9fa2837f66158","1,481,000","No"
"0x688616a6e0570f5735fe7a7f7b9d50d0e2881185","1,478,444.465","No"
"0x92e0862c60f98db9c7656212baa4d1173826ad6d","1,475,000","No"
"0x0bdb034c62fe41b456528803c58ca90e5c80d79d","1,472,004.963","No"
"0x22c20a88bc008892e760d799ed5e0dcae47a5185","1,471,551.503967035315039477","No"
"0x4b25d4e835064da33e58ec134a8996d742d8544d","1,469,749.057880152566814071","No"
"0x55ee6c41324943654d61230c1f533264bab3e845","1,469,151.40543976","No"
"0x4c3129ed5df481ec28b8cc4819c72ac99f0b044c","1,465,201.465","No"
"0xea23b6ff97cd14ac4476aae0d88ce013ca738026","1,463,930.4418","No"
"0xc2dbc4429ea8a966bcaea1c6525bde73db424d11","1,463,725.15138987","No"
"0xb4b204cf1fd7411ef5e4aee15835758520c93d52","1,463,012.9362","No"
"0x4648de4bc3d99c1af9603cf298bbc737e64af467","1,460,991.681836326770710032","No"
"0xe2c61386fc0836ff988a62b9add91d7d2db0c482","1,459,706.266","No"
"0xe076e6bc0184312b7876ea8b5fb2a15f9dac020d","1,458,116.0041869","No"
"0x4b2f6bbea8e0b221d0219e8c6ef132d26f5211fa","1,455,469.2353","No"
"0x7b8787eea0803962d9cb7060c06a509e84658aa6","1,450,479.74022863","No"
"0x896f47e3506b2cc67fc72d922ff7f429baedf953","1,450,148.396","No"
"0xd793dbfac0d44d6ca2e04e123f79b3300a7ff6da","1,450,017.6687","No"
"0xda628c8b89b1c722d14cc514bb282a670cda6a33","1,450,000","No"
"0x50f3a594301dbf26a165a2fc50c11814748be0d2","1,448,000","No"
"0xc293f424426d6e1de74578c384f6ae3b703d4e1f","1,447,230.9523","No"
"0xa40ff50f4d44f148abbcee0340da0e6b1025d749","1,447,112.9615","No"
"0xcd60ede0ee8b28551a0a721c9f04a9291becb8d9","1,443,957.41917688","No"
"0x8aa18f8257ed3c9078e786f6992503c12d2d3828","1,440,049.09099831","No"
"0x27b56b5560df9ab53f5e3779e8928322674a34ef","1,438,745.10490493","No"
"0xfbcb624e3c0cc0665a22ce0f6c3761f6d8ac84e9","1,437,617.088086193883211795","No"
"0x0ac11fc11ea700550b33f2a640fb7c6b43cf47c3","1,436,088.08369724","No"
"0xb254f2e5791f1b9294832dcb19ac01456ce88a81","1,435,129.28285922","No"
"0x965defb5f2c952ca0ea2c568ba4974e4fb2a43da","1,432,509.338","No"
"0xc2868a39c8ec0a084b6a232987b5cbc46d7da6ff","1,432,493.63603055","No"
"0x95ae2c9faf8133a672bb5e23fea32be7ab1a355a","1,431,608.2526","No"
"0xd3601cddf94390fce3d65773911199c8e32a39cd","1,430,391.4625","No"
"0x14f05a5ca8b157e72fdfd1b05a5093184668d786","1,428,915.42591513","No"
"0x8f67c1ecbb8e2c878138ce6ce646a5956e08f8c0","1,425,107.1713","No"
"0x6b9b1e669580af8c324a10c6da118d8f729e41db","1,423,133.15443424","No"
"0x171c05902e66461760908dfd026fb5819dd37b65","1,421,918.27549251","No"
"0x8a1a31e0fa6bb4aa567dfc1388de64229f861b66","1,421,181.364","No"
"0xb6b588246de2de900954ed84d5becc296b58a385","1,420,000","No"
"0x9075e320b92cbcec00d8bbd5e1858368adddee87","1,418,266.96427932","No"
"0x7cf81732cf7eac67a9d1e001aea8165bc52a3e2c","1,414,301.7689","No"
"0x71e529f6c89e7d2c51c244c3f49a52f8e1451550","1,411,889.3516","No"
"0x14891339f2bc01e26e2f69e1cba7c734431fbd58","1,409,333.4903","No"
"0x1e1a7ea04db07b0466215b8f7172f74ebf5462ba","1,407,165.335","No"
"0xd9a8ca87b00bb1fe2ed477a7960ca4e41b1e142f","1,407,087.6214","No"
"0x80adb1f0170f25fcb1fa322dca045f5a0fa9bb60","1,402,720.9691","No"
"0x0dd54fa46867322334ce3477f7f822a729d4acaf","1,400,000","No"
"0xa287d8721171d123e182e79b5e7c98c3c32fbdc8","1,397,650","No"
"0xb178e2612153b1d1802359dbf2e8d927b8db3a95","1,395,287.5399","No"
"0x52043de1435a7ae55c03ca99e4845f8a07937aba","1,392,000.318276252614471997","No"
"0x73f39999dc69de4e67be7c38cff1baae4200b799","1,389,892.901","No"
"0x9da7f64c71662d328ff714e6d316fe8401264f7d","1,389,831","No"
"0xc525dd3edfc2e4893c4d1cbb16c797e89027bdd6","1,388,800","No"
"0x4e0d06c48950c93df540bf00c3b6b972b8b66278","1,388,621.63824717","No"
"0xa5b88c8128e64baef32c0f8a61b87e2a687cd387","1,385,816.6163","No"
"0xb54fa020ac659a29ffd73b5c915bc026453f5e7a","1,383,808.937","No"
"0x5bde65bf4c57bdec6ffe1e37abd497b2c0dd5c4e","1,383,736.9759","No"
"0xb9e5984a6a6cb6a20bb81f5f5b295f1680b00f57","1,382,231.024","No"
"0x1913d66ba7dece61617478e2c30e9dbd8a1670ac","1,381,708.125","No"
"0x4c099e7c2a3701a7ac136a8decdca100135371df","1,379,177.3436203","No"
"0x2fc063434915fe17902d4334cc886f460a92593c","1,377,226.7211","No"
"0x8f179efab69d67246ba1ee7ffd4ad33fddb652c6","1,375,047.59933717","No"
"0xd11cadac52a6c954d49252af37886a740f03af8c","1,375,008.01564973","No"
"0x437f139aa9a318ad4b88907d419a2208e00c206e","1,374,883.9298","No"
"0xbf585047676f99321882cad9484c37c1dfc853e9","1,373,153.33083512","No"
"0x7562faabfc635e38717b1302e27948f15f2debce","1,372,711.365","No"
"0x87d4b6339a349efd36f74e9bbb2ce131060a4cf8","1,372,478.932","No"
"0x9ae0de77a39f34311b274d090a10d5069797d6cb","1,372,002.03570367","No"
"0x286057fb08dabd70970412cd9e9a9a0d62f96b88","1,370,000.36808882","No"
"0x86c9647a5e31b2ba67da4075677822e2c1b3fd31","1,369,065.9526","No"
"0x231420fd9bb07dc728a4ec8b661db277eaecbe42","1,368,344.75","No"
"0xf21a73c3c3cbf9aed81745b50c9e64aedb032f19","1,366,750","No"
"0x1d0495c95c593985739c7924640de353d48a041f","1,365,087.5271","No"
"0x21187e9ac4259b91ec60bc2858f93d61820e1c16","1,363,172.04905335","No"
"0xe1a90e37260ba41bbc41ed785d7b0c3904de7e27","1,362,460.5791","No"
"0x036e55f75c18b4ccce1b7c26ae0818884ae98c2a","1,357,991.342","No"
"0xe3ab27e883ca1a6093da5e9d59116cff0cdfe016","1,355,750","No"
"0xf7db36d888ff762bb4f99a02a75b745c799355f6","1,354,745.701594093565610396","No"
"0x186a33851b503da079f56e37e9c01add7099071e","1,347,980.111373316083392579","No"
"0x2bddb96a313aae56759bf748f86ac79826ec8017","1,344,665.613","No"
"0x619d57df0f3dd7218f140025cfa15d858ec67f62","1,343,088.139039803217600952","No"
"0x9b6b4ce994db5205e8c51084fbd1735e16a67f08","1,340,632.138","No"
"0xccb3d8e0efb5f9688f8cff5505a34aba21fdc233","1,340,522.8636","No"
"0xe7410304da2471a79ab1a14e76497f41907627d4","1,340,318.1114","No"
"0x7d82485949792dbc13d93db5ee6662d8394acfda","1,338,001.9833","No"
"0x5c2a4f50fda214e5c5e82f9f28c64efa2c7a982c","1,336,666.6666","No"
"0xa53c77c772b9145beb91d98eaa6a0f246b7a219d","1,334,215.024937844072899605","No"
"0x8f8d191876e86a075c894ceb5b10a94b200ad174","1,328,936.1301","No"
"0x89a73914880e6f4bd1eaef5bef68035c104f110d","1,328,546.066","No"
"0x6d10fa28236c2c59376946365dd29e0639fe615b","1,327,838","No"
"0x19e90a3f58a8067c6857743040a432b1969f46ae","1,327,838","No"
"0x1af418793c38aed5fc89fb775dcaaaaff162a8c4","1,327,838","No"
"0x87fcf04823e2829abce03cabd55cf071585f729e","1,327,838","No"
"0x23109acb216159988880caa02512c406a52b8097","1,327,838","No"
"0x62f608d21c22ae756a63103ecf8fad5af0fded37","1,327,789.3159","No"
"0xa8bc64e002383aa6d65dbcb571170b8680fdbe21","1,323,450.281","No"
"0xb4e58ef220fe5b2ef8b62bf97cdcb4eaf0539225","1,323,297.6516","No"
"0xbf63fbfd81c3a689913cbd870e5eff59b8d73fbf","1,321,541.8215","No"
"0xe2277ea3ce906acadce0e93ce628808290e67b95","1,319,905.134858362264078927","No"
"0xc971ed27bb7cd3cf86cb024c3239af4d8fd1cbcf","1,319,537.100598439835843248","No"
"0x99bad2922356835ad644464e5a73b482dba04564","1,316,312.07","No"
"0x469deb5d4b1f1b827cfa14ca1b90b880fd056def","1,315,727","No"
"0x94deef2889c462efabf25fe347e9d14a2d4a5ba4","1,314,930.208","No"
"0x07fa7e0d17e2082aa85a17b906fb463534f44197","1,312,682.5899","No"
"0xe7d02a95d34492409f9f1faa20a00eff856e1f13","1,311,436.3678","No"
"0xe8318e8466c4e8fff1385f512bcb7c38a55fa775","1,311,118.5674","No"
"0x3f7a5c692cc1b17ba6eea1e513045fa195e2058b","1,309,244.0234","No"
"0x747d174c152e2c7c90b63da79f1142062a16152f","1,306,412.96097734","No"
"0x0a36b4667cef18eab3b96d8959b6be938533779d","1,305,000","No"
"0xffe667fcaf3ff80d6ae8b7093dec4b40b77dcd64","1,302,131.30019248","No"
"0x49a076ce272bcf66f351d4849fc682125d76f00e","1,300,000","No"
"0x47ab03155e1ce1e135ebdaea16f00aec800abc0a","1,299,967.2927","No"
"0x9dfab7d744a812e52770e9b9720cd8992dc65d3b","1,299,910","No"
"0x774e5465705d45044fba1f06479a96f46e63544a","1,297,464.298017210665011237","No"
"0xc3483450d5b66bf21f14a5933a0f9d4b6a246a4f","1,295,294.282","No"
"0xe16cb1b21278948c404270edbe8713df2c327ffe","1,290,000.00002576","No"
"0x9c925e2eb1f955aaa21550b4b7b7a9aee9eb75cb","1,289,712.59574214","No"
"0xb1775e284df4f647f2cc99f4df2bfb62fd9fee63","1,289,580.13102654","No"
"0x72cba86c74e8ac52d8e2acf80e7d9b7fb46d1d86","1,289,091.667","No"
"0x50c214033a0cc55bfd7d307f0c973a67ead65ac4","1,287,526.803","No"
"0xd9fc12453e24047d4a0162f2030ff89bafb76f20","1,282,051.282","No"
"0xe6ae9ecf64dc463af19cf089d53a637122b404e0","1,282,051.282","No"
"0x23884b21318d46ecdfa2a0216dc1a38f21e6d068","1,282,051","No"
"0x5c70818ebac59644d3512fde5614ad7675bf5a0d","1,280,331.088937646991115057","No"
"0xebe151f3a801cb2f1e8b2bba7348403891d0dd0a","1,278,444.465","No"
"0x5196e6ff6b95536874ba6405c11f465e026099e0","1,275,000","No"
"0x7119236ed41684d7ef1a84dc69cdf2c2ea9bc014","1,273,841.56","No"
"0x0136d7ec30b19bb9d900f02e7df81aee512a1468","1,272,339.496","No"
"0x0ae7041d1535e6ccbe781c41747590b5e365d81f","1,272,056.293","No"
"0x9158f636a2e77e61cec0bf73636a03318d13e195","1,270,143.663","No"
"0x43d7300e3b541b5654443779b4bfc9968a0ed458","1,269,689.8901","No"
"0x415d6213b1681b0e472a0468f28b99e197ee73eb","1,267,279.9546606","No"
"0x67e84a28b81aa76bbf498ce6229cd79f95959c97","1,265,201.465","No"
"0x6583578b7902f67e8444eb08d6ec928c65d2727c","1,259,818.23892663","No"
"0xee8e03c7cf13bdb9728487cb77e62009f0dd00de","1,257,980.26","No"
"0xf79c3bd321e0f241f7ee46c764f1b52ae3982f90","1,255,181.62233564","No"
"0x08f45da54646e0fbf6b0601c78f852a3c4edc834","1,252,701.0443","No"
"0x2eeb9b4be234cf0634679e56d8eb7b61c7762b98","1,252,175.2769","No"
"0x093f8e849fa87cdd4471b093de3cb4dcf199b632","1,250,000","No"
"0xb2ed7606e44815c7f645135e98df277fdb652674","1,250,000","No"
"0xe12c689450837991d920bef6369b7c15b1398273","1,248,009.8395","No"
"0x6fae80af1a44f52d423ff750a4c451a3b07a08f0","1,247,320.11171171","No"
"0x806dc9eec9d1617789c70b0581eda4d2a06becdf","1,245,507.4783","No"
"0x08d9d80dd0240869bf5c6034e2607046bee79468","1,245,168.76467069","No"
"0xe98bf730895d132f6d8098a66a1a6087d3b64223","1,244,833.757","No"
"0xe412a2997a37eefa6afad80f824dff2786e1fcbb","1,244,722.963","No"
"0x59df99ebff2930f6b9ce4cde827e49bd08fae638","1,244,304.53853672","No"
"0x60377acf74b834fe59604440d0c8c3cae15abf55","1,243,238.92700426","No"
"0x076bd34d96c5c0781c6afa10aef3640cdae9bc2d","1,238,358.89925723","No"
"0x78162c0530a45fcee470f701fd2a2a846e3e9005","1,237,996.69332368","No"
"0x47d218989401d1aec80c87874b6e82bcb7028e34","1,231,832.2256","No"
"0xe268cb02cb1ad76a37eda7c14299f1e4a43cb05a","1,230,728.294","No"
"0x05b8551fc435c329f2a0a1ce9f198543c1af4c91","1,229,971.53658853","No"
"0x95cd333cd15e4f47ecc08eb5072d1d2d6fa0e050","1,227,752.226392490321166128","No"
"0x992cb249eed93da98d8d08ae0961781046b3e098","1,225,956.47","No"
"0x83b2b87dfa273589fa081d7087c0a375cdd712d5","1,221,316.04892899","No"
"0x04a80de54b5a001934db1c5cc7b6ba49104d545d","1,218,855.4655","No"
"0x7ba024fd9d3f65e922e4bea6c812f97e69ebde09","1,216,159.161768025574876354","No"
"0xae789fd359886d4ece0a0115f885384dbed6f685","1,214,819.5246","No"
"0x90536e4d9e567ff44769b8599c295c931fc67a47","1,211,588.536","No"
"0x7f7d9c16738f9e6aaf212d184fed9223753740c0","1,209,586","No"
"0x02f48c8543335e9fea5feca74ecf42fab3b09fdb","1,202,000","No"
"0xe4175608895e80e225b0ba29d3cad90d5436b97b","1,201,643.2564","No"
"0x36b17254de164e15c4240b82d16199b428bfb615","1,200,662.53436007","No"
"0xa2c6b7b5835c6e75da33e18f22b2174977b279af","1,199,620.423","No"
"0x2e9c2400c52e0b5cbb2089729395e3c049c512ad","1,199,358.4143","No"
"0xea3d519fd69c12d83d349c1b2964a4f1e0304051","1,197,130.655","No"
"0x444f12dbdb684e387606c785598ac6e70cbbe899","1,196,778.7189","No"
"0x79008730fcebeb6be6542a1bcf37b7e8659f3466","1,196,751.2487","No"
"0x27fa155556565a4f2f19eab318c18eadad6bf2ab","1,194,108.017","No"
"0x23bd4d877fe5a39a7d5657c72934be1aab135a47","1,193,782.23105408","No"
"0x7513222920abcf6e44220170937a641ac5b99a50","1,190,769.3958","No"
"0xd009716f1d9744517243859c3fc814f6365070e5","1,190,184.3621059","No"
"0x089d2f1bdb9da0ed7350e6224ee40c22ccc20d02","1,190,137.442","No"
"0xdaacd5f10bf9d1b2ec260429b6e42696368582ce","1,187,917.57423245","No"
"0xed037b9a6aa8472d7bbfe02e6663e5fe811f7374","1,187,622.581","No"
"0x6a2656292b507998372e7d4bf340010593ac621f","1,186,625.3746","No"
"0x73137b74d8a4b914235cc049ccad4b3937974c4e","1,185,404.172","No"
"0x843c768deea5edc6c76ab38e24d26b69bb7d57e9","1,184,021.442027180600383551","No"
"0x0260197d051cf0c36246ebcd1f29e8d26e1442b9","1,183,297.9909","No"
"0x4a8fdfd0b18079e6378d0b6b1c34ce6ea247e20a","1,181,716.411196790551515701","No"
"0x2771ccf0bb49aff6817d77624cdc402767edf8bd","1,180,100.785339892522930157","No"
"0x6cd5f3f3e91926f52ddce309713947dfa31cc7a6","1,179,975.380327045866607295","No"
"0x4e98eb502b7352547f08a47e971da44d7618856f","1,179,909.667","No"
"0xa2d085c6abfdd06021f2eacc20e089e6c7968b47","1,175,522.58547763","No"
"0x1d2aaba1a3ecf68224ae5244881a6c8902f9a0f8","1,175,000","No"
"0x9dd4067a682b5ae911423e7eb031b5daf85d7ef9","1,174,955.5743","No"
"0xa2ba4b32597fb0fcfee8c1a01c0206256d647c3c","1,174,000","No"
"0xc347e0c13179d2484090b8a5180a937f9b3bd68d","1,173,550.9319","No"
"0x8f9007ee8e986437db8601578e17648b759fbd0d","1,171,587.135080501201057723","No"
"0x62d1af134191dda3876dce622dfd6b9256479838","1,171,359.08","No"
"0x1ef05fc9ca17228915ea685da7b18adb5316b75e","1,170,963.1191","No"
"0x2040ec7d10f1cb5d9180e74e9a5710efceabbe35","1,170,897.8","No"
"0xd8e89e5e767c0f789ff76f5c64dd472e1a04fba9","1,168,059.9198","No"
"0xdb51f607ab02e843875bdaa24dfda21eb0877054","1,167,549.367","No"
"0x97b7f896be3bb9679b9c6edbd06440e8e6f7f762","1,165,228.077","No"
"0xc87d94e2cd593521d8a7f184a69822443dfb47de","1,164,631.1234","No"
"0x77cf72fd27c424b49076e06264b625b60eaf6f69","1,164,063.2051","No"
"0x59d334483be68150e37fb6ff48488620138b9eb1","1,162,910.573","No"
"0xb5974e0ca693346b19eb5cd188f3c14ae2a23fa4","1,161,034.4519448","No"
"0x14dbd1f7fae5d2dc39e48700ff1192c206d96651","1,159,959.667","No"
"0x0ca3d03fd4f7440c96e5e03f1f727a08f1277a24","1,154,282.474112197418148907","No"
"0x5680f32c8a81a922e83b0cdee4731a9c264205c8","1,151,745.07","No"
"0x31161e2d8e866a2bcf47cf30e1f2eb054e4d805f","1,150,587.4856","No"
"0xaf98ef6ff24eac330e71403c71a647dec7263e89","1,150,262.3456","No"
"0x74abb293dc054e00997949a3ba5eb026465dae47","1,150,000","No"
"0xd2aaf9e53f6acdc89c373dee523fef5af37fd3c7","1,147,536.7848","No"
"0xa5d3b358b6e2cf0144ba027826938ff5398b8cce","1,145,934.4935","No"
"0xa1e50e096b9bceba4303318c533c8416c3a82e1a","1,142,420","No"
"0x1cd90428ea2d3f97a6c7d6b5b4c7e1aaf98cc6a2","1,141,520.402","No"
"0x6f8aca8a09a77ca87c74661c9cecfdeb8d137bfa","1,136,612.7854","No"
"0x79406578368dffd6c69b0e2c6aa5d67a09ba9025","1,131,798","No"
"0xb996af393003104470381ec031cdf9063f216745","1,130,000","No"
"0xc893c5d1922f18cb9eaeb099fb0dc47dba5cd6ed","1,129,484.5154","No"
"0xb493e326578dc71db5b367d3399c896c9e076939","1,129,336.272","No"
"0x1b98fe1a7f6fb2b0d22e953e194762fe216df686","1,128,876.35222688","No"
"0xba0b30d96444f971a512dc9317eb3567ca6e0124","1,127,721.2512","No"
"0x02a8c639110492db36018dc0720b9e3dd2543708","1,125,786.1027","No"
"0xea0e243dbe1e8f88a304010172cfbfb7bb76d02c","1,125,206.45","No"
"0x974340c9a6ed71818820352263c1824f381a5296","1,124,907.904","No"
"0x72c639f7c58c08feef3fa67148c5b0933d1cb3fb","1,123,477.959","No"
"0x3d47bc2a00e98e28791559d698b9b7b1ca01e6d0","1,122,765.437","No"
"0x17369cdb27a25d37436d24de47076b56a84f6f36","1,120,000","No"
"0x5ec2b72496cf14daeedf8c7d142b0703da4faa64","1,118,033.463","No"
"0xaa3a4f33b23cabcc2aa2af1ba94617b4f4a8b0b8","1,117,588.20426219","No"
"0x6a2d3bd4a58956f1344a9bd8dbaa96828be510d1","1,117,082.696","No"
"0xf64c43dc393f32f87a24ee14e6255bc0e298e0eb","1,116,815.91034562","No"
"0x6db6d44e6189e6d10ea6e5a848d0b88ac0f63b02","1,115,000","No"
"0xc4e46f8278c241501bd024ef6f344c57502de537","1,112,179.24844593","No"
"0x8ca1542904176bc245f66711a5cd54ce2abc3e7d","1,108,753.942","No"
"0x5516f5bb7f1da60fae5b226ba87e1f4d7622d55a","1,108,084.3759","No"
"0x4595d4191b53de788d7766f6f01eebe7525cb2f0","1,108,006.43682436","No"
"0xd0341612ba886142165100c5f6e96f9e0d1433b5","1,107,143.4173","No"
"0x1fbd993f42feca6078adb55f509ceb87e346195b","1,104,051.13","No"
"0xdf59589e827c6156835043efd051520b274010a4","1,103,711.0098","No"
"0x32aab07f005217965db029a15d08da9e66291bc1","1,103,589.925","No"
"0x8343bb759193f986019aeaf44685968c5f8fcb43","1,103,212.6498","No"
"0x1ebb1b19c816eb1aeb733de9a0fe17cd3bda2303","1,100,127.0014","No"
"0xca0ec32abe3ef08dbbf2e1af4bf52a9885b192c8","1,099,901","No"
"0xbc70be8ea2376e308add7f88e4cfdded8e4c1cfb","1,099,901","No"
"0x0dd19f196e71472b1b4454be021b252e9ccab22e","1,095,609.72","No"
"0xcd00fb1330bca9492e8ab1b81a361e5d552a6285","1,093,745","No"
"0x7a76358acd8a88e165e550c876de397cf33158fd","1,093,089.55931477","No"
"0x0796ff6fc0a47c36b081f5035b77616075ede6f9","1,090,000","No"
"0x4f337585d945a5561a6417966b6f685624ce75c1","1,085,705.74167643","No"
"0x554b74ec2dc6581c9291272aa42890a4d2c1afa6","1,085,392.9733","No"
"0xf544f16051d0be08b7f0a14c3664c085fa109b5a","1,083,251.46855805","No"
"0xb7de80d5298bc264df007b38c9636eacf0a8bc53","1,083,208.1026","No"
"0xc86370bd393973c5b87d6a236faacf50042e7e69","1,082,963.1224352","No"
"0x6a669d5c4b907bf7b7f55d9d6fc8dec3b20e3d9f","1,082,906.33559289","No"
"0x753a44eaedb262f5f03c7420f2eb96d5c43adf94","1,082,361.18721918","No"
"0x83a21a7583f9b4c1b72b4cd9fb4b7e1e0889c631","1,082,237.3563","No"
"0xff4fdee9c8015cb1ea352b6843ca5e942f6c885e","1,080,489","No"
"0xd09c94d98b4891255c16e25c082f1cd4d322fc2e","1,079,622.262","No"
"0x7e385bcf98ccaed69a2784e3581ca2623a75bb49","1,078,769.366","No"
"0xfb5b95306f98dabf90361f4a5e7938815b44125e","1,077,883.398144006648041665","No"
"0x21be6d199fe6b56a5750c728247d3baf1199d824","1,076,268.415","No"
"0xb8d96f143a004103ddead563fde0c92a265d7b0f","1,075,534.9755","No"
"0x8676aaf273e75f874d8fb02b5583a9aa7d829275","1,072,500.2348","No"
"0xabe54d185726cde1854e4b6b0c13ab9aae7eea36","1,072,308.56","No"
"0x424c08f3a8398c39f9175557c9d6e04a43aec0cf","1,071,673.23676129","No"
"0x880f7e36311ec19179a5fac56ac06aa787e76cec","1,071,536.667","No"
"0x05ea158cc8b48076d19c591bb0514b6f69d0e14f","1,070,775.5449","No"
"0x63e928a15329c8d380eba26684c51bc773b71117","1,070,077.8154","No"
"0x5e2a5e4e517d5cc16fc3dca7feb18fab48162bf1","1,068,906.095","No"
"0x49c48cb70782de12d6931770a21225c2b4ae287a","1,066,875.883","No"
"0xc73eddeb49d0d3454ad2cd19e00314174dc4292b","1,065,109.825","No"
"0x4fc5e83ba6fb5e7dfdd407c494ed32e4f8b71dc3","1,062,887.12","No"
"0xd217a0cda17cfdd08c46813a08523543c0970fd0","1,062,694.92","No"
"0x5de546ead5236e32183b7c65a310d2dd6f4fab54","1,061,883.9171","No"
"0x105fd705017d3fb3cd587e6894e56f824f720709","1,061,666.667","No"
"0xc4a633f10fb707a2363cbfebe361ddb24a4d5d48","1,060,613.754","No"
"0x9d2d4b3d4ffce87038f1f636502c6ce3a4e704fd","1,060,000","No"
"0xb8e710d8b2d77bd9c8bbc820c877d1ca05472541","1,059,455.133438002137562819","No"
"0x9654bbc638830599f9cb43b08539d495bebb6079","1,059,383.177","No"
"0xf610af67723a4cd72eec4ffdcd95d0ac49c2f1a9","1,059,323.9537","No"
"0x0487a672b27ef5815edf3ee47460abdda924e8ee","1,058,633.6246","No"
"0x8f0a1554cfeb3ffd576d544b22f8c5f278cd507c","1,057,592.2468","No"
"0x47c3c56b5dbf5d15044387134a7a0151269d6817","1,057,466.5918","No"
"0xafb922e227a2385b5c77574461bce70762e53b88","1,057,291.7503","No"
"0xf18acb8a0e84062a07e6c66d94dfdfc866c3fc09","1,054,752.5078","No"
"0x7986104ae63943b489d3fe7d57722cc3c466a1db","1,052,679.694","No"
"0xdcbdb1c19729eaa48985010707251b9618c57508","1,051,439.92002788","No"
"0x4fbab6598a178603c6278695abd4374e2d25d24b","1,051,050.4389","No"
"0x0b1a09b95d755e9b6d780747dae7132d9afc5753","1,050,000","No"
"0x49236889d657cc8477a24caeee23e7e1872003c8","1,049,470.866934083518275041","No"
"0x885c756db39df22068c181c241f10bfddc812a01","1,048,878.20560477","No"
"0x4c4483d739b149aaaacfb27917c1fbd3e576537b","1,048,743","No"
"0xad77943cfddb1c46db5607e8751652ceb8a160f0","1,048,082.687","No"
"0xea8704b44b31ebaf84ebc1962c8d1189e88cf905","1,043,713.4882","No"
"0x63bbe36917eb08a1a05a31b52b2537cde82b1e64","1,043,413.37","No"
"0xfe2b8ea0bb95057049f64287075d26adfa671619","1,042,927.786","No"
"0xc6399e2322a74b651421fabfe7d602da45385bad","1,040,425.463080400269456319","No"
"0xf53b1b70e7104a6b64117271c7376a0a19cf4b19","1,040,000","No"
"0x6d106d7ffeb0459259de1e83f29ab79f3cf18a24","1,038,884.026","No"
"0x84ed5d14a5d4e21d9d5ca7caf2afda0cdb3a8768","1,037,800","No"
"0x736ab1ff7bef9c0a9def4bac433128705914819d","1,037,435.3394738","No"
"0xf446a568c929e6ce940b6e793e0014414d2be908","1,037,246.519","No"
"0x2f0690c7e9d8b4cf4ccc15a3747e80dfb8279f24","1,037,194.0015","No"
"0x44d138668d4323d1ec1b86586ffbcb667f7b682c","1,036,855.976","No"
"0x91910029858bda3f95d20265da44ee217f28c949","1,035,393.19115412","No"
"0x7ef58c3070079548541761bd671558d94a899929","1,035,365.02959994","No"
"0xf64682a8c7f024e450fd60f7dfeb0dcb44831bcb","1,034,660.0106","No"
"0x71a834a951ecf75a0a0d622bf507c00dd4a7c5e9","1,034,076.1763","No"
"0xfad1383a27c56f603674103e1ec813fe05e5a8df","1,033,818.72717887","No"
"0x2015794bc2ebf5995922af4b17dd0ee3ae29539a","1,033,077.01183501","No"
"0x0d0707963952f2fba59dd06f2b425ace40b492fe","1,032,021.449","No"
"0x63f92a432991b118c108d1b5a5b7d2d9df980328","1,031,083.49995","No"
"0x2875954f348db642d9d62e5a7ce0171b471327b5","1,030,362.1621","No"
"0x31b9069440b974d757ee8423df539cfa95eab52e","1,029,153.38858761","No"
"0xbb1d1e1368164d35b0d55a1bcaa699c2173cf6a4","1,026,224.976","No"
"0x0474211d21e91b9c3c66d666ef3c5c6f6c786a35","1,026,018.501","No"
"0x1d8b06f81bc74fb415c2e1559feb2f8ef5334fde","1,025,000","No"
"0x3166b7f2e39b26484c467351b1c6cf04a165e5a0","1,024,998.975","No"
"0xd2d0c04ed879add118a05e9b7b9e138cbf39b1a4","1,024,665.302","No"
"0xf7b69d606754e5946dbccaff67cc2e01aeb5e1de","1,022,874.607","No"
"0x4ba4cdf0c1a2c04190b48c680825cb7a64e5c374","1,022,626.1446","No"
"0x0121fbc57b12823e7335c9a7bee90ba7dc8fdda8","1,022,601.9676","No"
"0x5bc80663497fcdef7759f0c655875b96a422171b","1,021,910.75173276","No"
"0x294204dffa40a6d753fa899921859a52aca42897","1,021,700.90164751","No"
"0x5eb1f77e4563e54d80f5944f9ba4eb47709227e0","1,021,397.7763","No"
"0x5596ac81c22af5e3435d50fbbeaafc9b3548939e","1,020,265.7238","No"
"0xaffb39b73799f2d6f68b62019931d5ba5fa7b7b7","1,019,616.221","No"
"0x3c503bd9d404559ce2ceb400754f798a703f922a","1,019,477.432","No"
"0xdf506fdfaf44145384e877ba1ec6a0b0c8c3093c","1,018,866.4616","No"
"0x7b0794f55129edf8f1d4fc1d1b94e2a1954a1de3","1,018,146.706","No"
"0x95f29a4d042f483efbf0fc864309815602a6a09f","1,018,069.8952","No"
"0x074abf1116fdd94c9a019d826d876fd34999e449","1,017,696.2","No"
"0xfe8022f84533f34b1413d56489270c469423abf2","1,017,474.3404","No"
"0x034287d560e99e05beddfc8892a7ec1d6a45856a","1,017,000","No"
"0x43eb6685986fb73f7196d4f6b2a0dca9a1e96d4f","1,016,337.2003","No"
"0x606be9a08991bad64b0be7f5e18941524e2eaeda","1,015,085.390849516943271327","No"
"0x1dafa34cb910d8cb98a6d0314894b2d1a9c207f6","1,015,000","No"
"0x24200ae6127c3c61d58001cfcba6c168e281d38c","1,014,492.9055","No"
"0x5dc10e522bc54f2887c5a81f5a4476cbdd90b5e7","1,013,019.912","No"
"0xbd5cedfc652f628aa6b01502db8ddbc55dd81b61","1,012,269.267893124136301971","No"
"0x73b3ae85c8b0d87ce8b00e0e8d84b3fbf949f950","1,011,226.5386","No"
"0xa617e50f2dded613925a6cec574c0ecfc944414d","1,010,584.60982399","No"
"0x75789649f9bf59ec05a79c47095bd19e34d835a2","1,010,000","No"
"0xe08071d62233aba70aa301accd88235022e13ad1","1,010,000","No"
"0x2a974f2d2f1bf82d6e8df58eabfd3c8877eb1ae2","1,009,570.049812651546863805","No"
"0x182e9863ed647875af159823962b0ce84d15e607","1,009,135.1255","No"
"0xe0d48eadfe72639145ae7a7c36e40bb770886e45","1,008,856.744","No"
"0xac8ede0e6833265c2f66bddffa087aa9f02c828a","1,008,727","No"
"0xacdc9d33773b52f6620babb352ff66697dda1d07","1,008,606.8382","No"
"0xf6232450ef18f4398b7285ffede5027e0b60fe18","1,008,338.35146455","No"
"0xe0c3247ae029e5f208c588ab579b33436882d405","1,007,657.66131235","No"
"0x273e3f4552c8ee60d4f10268ce51ba289202af87","1,006,570.678","No"
"0x339c1b435858caf1b3dbb583b0cf562c412b85fd","1,004,974.797","No"
"0x48a6ecf489ac09ba947ee9bc11f89967923e5762","1,004,384.7595","No"
"0x8a5a7a5186c0c57a4cf5480ff40ac039b19c2b92","1,003,916.705","No"
"0x9bf816ae31c8d476c801bd4c38b99d960ef776a6","1,003,666.853","No"
"0xd8ec7a74878d64e2854a0186b57fe370a50a2ca5","1,003,625.679","No"
"0x1eea900c989326bcd960c14098a6e67f565efb6b","1,003,623.111","No"
"0x663dd766cbb892e075464d05919d8f316e359e03","1,003,347.54","No"
"0xc07a93d16fe17cbed62be48effa77b4e2e387ea1","1,003,000.98026528","No"
"0x0fc6f25565d39a66deaf02a6c34244a9f36eb492","1,001,272.0916","No"
"0xe8dc3309c3e88583ed8f209de337d89dfe1226c4","1,000,652.4618","No"
"0x9042dedbad18e961fcead8e7fe724227b67b7bff","1,000,285.697","No"
"0xc665b04e316fd436f29cfb5c100ac1d6d83789d8","1,000,252.294643641689379356","No"
"0x45f38b126168484fa3f3d58fe93677acd0918e54","1,000,135.85358588","No"
"0xf8d4057ae6a47b166406a60e54035473e83b2079","1,000,003","No"
"0xe0c9c91076f0b8f719902a1d2cf88d30b687cb66","1,000,001.277","No"
"0x1e43a3b1c1e03ea8590e089d83859146d2bef829","1,000,000.925","No"
"0x99c97a61b79171a1b946db2d8adc9dc2306ab307","1,000,000.7607","No"
"0xfbfb3e636f69db520ea975cd66831a7661db6c31","1,000,000","No"
"0x9f45047832a7910cd5e6a79d22a13a69802d475f","1,000,000","No"
"0x8dd9f6a2b1afac512d4dad2bcefd0950d22e407d","1,000,000","No"
"0xada609020e01cac1b2d13a877d1f742d1c00e35b","1,000,000","No"
"0xc4262173ad4d7205bbfbcbd795f522dd4b3d25f2","1,000,000","No"
"0x6d772dea3a067a890fd06e343e28c9aef16858c5","1,000,000","No"
"0x9167b9f3542807eb5c87c49ad9b7ad99a71e6204","1,000,000","No"
"0xdd296f9e9ce146dc039614a5ce722ecdb15f5e61","1,000,000","No"
"0x234548168e53385bad89ee4197d14ede1cc97b62","1,000,000","No"
"0x6ba4bd0981550acd0eaa463617a6e41364b43870","1,000,000","No"
"0x31ce807e89727dc4716256ab3b741b7bad8f4eef","1,000,000","No"
"0xf4ebd5c10ed4e8b01ec131b489380273b9c3cb7d","1,000,000","No"
"0x3c50f795d05554863bcf1d53b254f60c5d4eb568","1,000,000","No"
"0x82c2e23bfa3e5f2effb2949fc4e2471c30a80777","1,000,000","No"
"0x8a59888f68ff60fdb8217cd7822840c89b2e796a","1,000,000","No"
"0x3bb82b106c7752a36771716c3af54cfa6208dd59","1,000,000","No"
"0x3bdb538fbe2190052dba4caac59b54fb07f36d47","1,000,000","No"
"0x6673229f38afc13eade682d02bcfb568567f86b7","1,000,000","No"
"0x0934ce07e690b52eb2f0245f2276e22f631798d0","1,000,000","No"
"0xc9baa3074e2340bcd17c12b4e526f75d709fbebc","1,000,000","No"
"0x6dd02cf0d06efcdcf6fd815abe59356af9653f89","999,366.66079395","No"
"0xb9a2b3bfc9030771fc90c8b21f6702b3916ca76e","999,018.49","No"
"0x121149e6c66fe735cacb845805b75fa4907199ef","996,558.97311335","No"
"0x1255a183e54952ba0c931f630f98f4119f32607d","995,000","No"
"0x1a90c01e31a26eaaea597f471abb4e4a28566415","994,984.3805","No"
"0xcda879f313bcf18c7c9e3975a6e2fadc14c905b4","994,658.6022","No"
"0x85e577e33e9941c241ee4f866cde0352fb5ac9b9","992,898.9137","No"
"0xf4e0241b60b2d59f06ff7022e00420e89329a23a","992,461.75","No"
"0xc1fe146a385407565d32605de66c941a56d187c6","990,822.56315294","No"
"0xb58188411457293172e0b04ec615fa9256245434","990,534.4102","No"
"0x3357bfdffc4e0255276753cf16148115b942ea85","990,051.37424462","No"
"0x158f46310805877859343013042818b38d439262","989,626.8395","No"
"0x0198b6fa6002cc37d98a1e4968c16ee366f2f523","988,879.7985","No"
"0xaaf025ae754b016121571340c809c4a7c7aea1cd","987,384.63","No"
"0xc038dbd31bb41d694dc4b9ad7aa72c9dd0d8414e","985,537.00008391","No"
"0x992b37d7e029b3b3ec27946ba2ac49b9414884a4","985,000","No"
"0x9d013cea061a8e6e9b9aebfdf262cdd2b0025089","984,383.5616","No"
"0xc41aa95ba6c50aebfa31d362745a49f387037970","984,370.3635","No"
"0x6fc98636c3e992c70af4a2af18751ca22fcd038d","984,291.96198274","No"
"0x3ce554b485e16990ef5d63835d363e27e0aa8601","983,964.3524","No"
"0x6e6c258bee715c9c2c5e0268f8357bee58baac26","983,177.2575","No"
"0x356d30d5143e40c4f520c38fa1e24b62c049bd8b","982,982.78239354","No"
"0xc79da172e4aab7d231103aea32257e4108a7e08e","982,954.7122","No"
"0x3dde3b44fbb861ef65f85d3ea3182ef547949438","982,500","No"
"0x35cae318af9840708e7eba281a5c967246159502","981,316.1647","No"
"0xd447c27fc783ccfc9a37fab16cf74f4f32c211ac","981,000","No"
"0x563f89456fe3c5be56e2cf934cb66d669ae91e31","980,000","No"
"0xb12b7d1c7e6a604e2c09d0dbdb1f23bf31d9fd5e","980,000","No"
"0xce6a9c21142a30d0f31ec6e64fba7be2bdbdb7de","979,565.19182572","No"
"0x6d635072e96203c878c82637b976c97f6c3c7e22","978,885.3175","No"
"0xf7ed6ee3d07e93e61c3d02ff75cb42fb1af1bc47","978,290.81871242","No"
"0x580765de5e809ab7ecd3097159ecb1568e92e23e","978,274.0126","No"
"0x80eead10a0bfb5d54b28efcd32a0fc59fc6545fe","977,313.1636","No"
"0xa2fb4173ef1d1a38841305ef162cdb9d57e1496f","975,743","No"
"0x4aca0a21aab880619c88ab0854b6269a7310f7ea","975,000.89171085","No"
"0x9df612a084abe568b54214f966459f76ba385488","975,000.1853713","No"
"0x96dade404507e8a5810d12475c367281f1305a9b","975,000","No"
"0x5d93b376b77082ae589732e2c84ef9ec266b31b4","974,999.80002893","No"
"0xf6942502fbe8b5fdcf97d8df4fad3648a3911f92","974,580.3414","No"
"0x1af7580ee4d06144b0d92e77d4f785c3d7f8d933","972,384.1458","No"
"0xef5e996b22ee519f0b0a003ada57eeba7ab34e76","971,204.9879","No"
"0xb99b649abaa8a5e31b85d002574455ff9447c87f","971,091.306233907239876426","No"
"0x405c1af36f2e3db90024a328854796143890136d","970,000","No"
"0x4826f8a0ead415fb02902c76c6bb54cd58e7b8bd","968,833","No"
"0x8cea959a7a95e7361f9dd2d21850d0defff37cda","965,155.1977","No"
"0x58b76ab6b2576a535ab5b677277f6055ada264b3","965,144.30024717","No"
"0x935dd5031fcf735d9c1921ea8ec4ecaf65615769","965,044.809771834030724006","No"
"0xe1128c9972ce207fadc0d4079586253cea1396ea","964,845.6568","No"
"0x688f3db5d44e3910036a3327f9a88b830e60f037","964,134.9379","No"
"0xedd7e1e67a58dff47db318c79ce829616563cb85","962,535.5015","No"
"0x986aa204dbd36df0e92d32e09f349cf72de0bd54","961,069.68300535371056024","No"
"0x47244b737d1658b1f3c5778e9cc71a98d1349c0a","961,003.08","No"
"0x95552b9f15607be352b23ed4ec5eb4015952fcd3","958,616.2432","No"
"0x74e194e4d670f566a64d9257a50380deccdb17ae","958,359.20620393","No"
"0xdf749322d1715c014bcdd1174dc646cc3351f144","958,104.92","No"
"0xcbdbba41d564cd0e728a3808b6b1ef3c1960a72e","957,910.2665","No"
"0x7094a4bbf191598b5b0c9230496df21a5d2eb948","957,659.2932","No"
"0x16668477962baf166d24d9123d7d891b4c98825f","957,486.75931354","No"
"0x56b9cbc43a7cde3c2ae92fc77bc8ed5b2707433a","957,184.2949","No"
"0x2d61f1237ea82090f456b8aade4e5f26917c1c2a","957,163.23989624","No"
"0xb9816bc1bf9e0be51483d36ed86882b537dfbdd7","956,610.2779","No"
"0xc141075bee2c3c868000ba725b7949d1be167e3d","953,618.12387383","No"
"0x988dfdd4c17cb2d81233ab129a828fd11e17c5f4","952,395.23","No"
"0xba140fc3a407ba1aabaf090eb023fec48191e61d","952,110.73002456","No"
"0x67480f3d711352b4114bef5f55abdff8c997be2e","950,901.5543","No"
"0xb1be73117cfe09c77ea0e2ad09b51fb168723b0c","949,620.6852","No"
"0x5ed9a0fdeca306ca8c70a0e64d9ecb142d3c7b0f","949,205.4295","No"
"0xad7faef1ee1aa350487ef78f8cdd41cb3cfdc620","948,000","No"
"0xbc74c7fdbde46a7dba7d0cb6b09ef84cb1b20aad","948,000","No"
"0x8bec0f31fa34202b0397841311196aa510135d6f","948,000","No"
"0x68de32a28ce1a04d9971f32af8961c9f6974ebeb","948,000","No"
"0xe042c50aaa21e84f667c4ae7197894e110469a89","948,000","No"
"0x678d52fd2572eb919f7d3359f319665c21361892","947,122.62942424","No"
"0xed27c9d5b85fa3f1fb80080a1064ece990c6207f","946,211.587","No"
"0x937f94967bf19bf4dac22b3abae3732f4d2da9d5","943,848.79506927","No"
"0xe9a7ba7634d3183e0b9d6dea39aef05436c05e14","942,262.6393","No"
"0xa39a2073cd0ce7c027d6766bd00a09699d08b412","940,595.94235294","No"
"0x0ae11191d4ddae4c726bef6c542254f98084fd0e","939,086.3265","No"
"0x25343354a84eb446edee23d1fe8b93f04272f678","938,243.398756514429235036","No"
"0x1620f37c1351852c2ed4675425daa1cff9480df9","937,693.3157","No"
"0x339505e5a478ef7f15cad4a7e5a6b0751ccaec62","936,697.88966395","No"
"0xd4e4869a92d2261cc24a143fe78d95c6c1b996da","936,319.9231","No"
"0x8c58f4736476b09cc679549a463f79868ed398e4","935,124.93229615","No"
"0x68fb35511c653c5b4eb86ea273ac767f7c005cea","933,973","No"
"0x74cc8e5b48a8bc378cea757e5b71ad558b120203","933,799.96447625","No"
"0xb3e26b442423f94aa9458194fd918691750b0225","931,353.69363773","No"
"0xbc855bea3836c270581ebc0c9ff20bf40a4878c1","931,080.7965","No"
"0x1111e87ea764519d7c1b92038e5d899187c202ba","930,879.64697001","No"
"0x90d6c2dfc9ab114bed1b07d8f9982c781a4e7286","930,773.05846512","No"
"0x2c9a708fc11ec4f88ff9b55fcb1df6d727de0397","930,768.4784","No"
"0x2dc9bd4aaee339d5860410c96ddca1ab71390899","930,141.34482888","No"
"0x1b3fae169bd0466751c38043ec24f078b7f2d8fd","930,000","No"
"0x0a6dd9e5cd109cc230ac94b9b430b58fb059941d","929,285.0512","No"
"0x7e4c42632d5cb2ab76ed28e543d6923ad481ce89","928,445.2896","No"
"0x8131ffd8fae35bd8eabfc5be01ff83eabae5d70d","928,269.01424893731972677","No"
"0x41500cab428245a72363d005843594123ab44157","928,229.2325","No"
"0x779b258399a17a9b1790721a0cde49e067951f97","927,912.0871","No"
"0xa66bdb5c83464cd5e73d2ad31feeede3832031c4","927,588.09265701","No"
"0x459bca4ac8b34f17a345c55937c6d993a1f719bb","926,106.70409089","No"
"0x29ff27afb371907eff9b2b8c6f4bd7a1de73c58e","925,351.8487704","No"
"0x20bfd59365d4920394a9e0c4522dcc9534fc0b33","923,487.276520151834271238","No"
"0x1c386d85d4678edcc65fccc910ae669cdf287dcb","922,956.35125097","No"
"0xb764ac9ef62fe17985b683febfde428aacae6c33","922,264.6433","No"
"0xc097669c76658bd33e442816858ac4447ccb6039","920,844.4346","No"
"0x0455a587518ffd90ba50cb1794f0afc7f25cbae4","920,267.1691","No"
"0xec1b79b293e2e4ff49d1265bb7d6b1a1a007d910","920,000.01522875","No"
"0xd167aa58722113509f76821984014f1f4733c7a6","920,000","No"
"0xa059951491cb48b9db8830c4695ee160aae408b1","920,000","No"
"0x01ea08ed445cf6eb80257f8fef68f56b7bb5271a","917,149.675809510460870857","No"
"0x080ea4a76bd8f85cbc9dbe0f10621679c19069fe","917,074.8426318","No"
"0x563eec6b2892851b90f309c25162f53365326e50","915,825.27527735","No"
"0xf4fc1e8da422dc895fad4916c0ce156ffbc9b38c","912,817.32893203","No"
"0x6e28f5100002cf73b6d7372d275d98f6b23bac1a","912,698.334573868695990131","No"
"0x10da0d117557275197d600dc7bd4c312611dfab0","910,250.9443","No"
"0xf0ed92c9b668628c2501ba5433c9eaf7a9c2f200","909,562","No"
"0xbd45c79f146f1a6b452ce062507ac436d723e3d2","908,424.5797","No"
"0x00d0ef56ad8cba475f3b2b0540004eb9ff10f6a6","907,707.4958","No"
"0xa9f7b2d86d289f9da9a39d393fcd45903b0a200b","905,000.023","No"
"0x51dc79171339fa297e1d8651333ba23604221475","904,646.3045","No"
"0x63f60bbd6f4c728af86a8d4c2b2db4b22dd35e5a","904,000","No"
"0x368b87ca84a6ce6ae883d5a1628dcae0cba1dc59","901,255.7814","No"
"0xabe5556899881931f2afb39fcc57bfeecf915d69","898,810.64997181","No"
"0x311bf4c892b83281d9c28533ab6c26c52d302fb3","898,396.2653","No"
"0xbabee0baa765abca3685d375b85619b45036e0ab","897,915.46","No"
"0xff40ac6ae77abf3dabaad6deebd8bc825d7798c3","897,519.3861","No"
"0x6c9c2043a30bf9a0bc9f98c157e530ae37a87e94","897,364.90811263","No"
"0x212c5ae33f8668b700c62ee90b146f043a1eaee8","890,843.0739","No"
"0x182896c51ee4004557f430c9f20dbd386c882195","889,688.96","No"
"0xee2c08789e983076c2df0cef59b319fdd09236d6","889,333.7561","No"
"0x01cf947deb686a0874909c198f913b1d0a517bb9","882,251","No"
"0x153ebb12eb4f22e0964512302e3d35aabea9f0e7","882,080.4714","No"
"0xa138a997cb36cb8ccea206aaf969adbe802e19c2","881,628.0463","No"
"0x0223cc62d0d588725fdae4bcb598c6fd8f01a297","881,621.5","No"
"0x388bc9612077b05616b306eec2274d96da03e72f","879,120.8791","No"
"0x1e79a52c150cb0a4aa309e20808a4102c848b23f","877,446.80851063","No"
"0x79332c67d4808f493a055194af60221311e996e2","877,136.82","No"
"0xde65efd2d2ddadfd24493713383d2b8664fda195","873,845.5","No"
"0x4b2dad990b4fda3eb46e1334e11849146fc94532","872,226.4283","No"
"0x95f1dd4940912aece3f7b19e7574736cb57df48c","869,975.79724618","No"
"0xbb57bf32ec4525965013308f027880b2c593ed4e","868,053.88770371","No"
"0x99f65b939428c1b29a970127c89f30acdd2250dd","867,082.3942667","No"
"0x7df0318b3b159bc45b5de34e1541a80146ce4d4a","864,165.5581","No"
"0x16cd80de9583db2ba1a93739f151cc4d2e5382da","860,805.3844","No"
"0xbcbe73fda378e638e23cf35ae94fda4053962195","858,639.5464","No"
"0x9de99091082a32f8dea13a5efb777ad10d2573e6","858,472.636860804178521391","No"
"0x210251750d243ff84be24dcd17e8d8d619ea06a1","858,319.1127","No"
"0x05bbc288e3e7cd06ab4babc40098ea2042a263c0","858,135.3069","No"
"0xf86578a70aa2277eaa9798d0aec554cfb65396d7","857,878.69259232","No"
"0xfd10cfdc947373adabca1b09191dd74d512e0fc5","856,502.06263201","No"
"0xfe200e70abb3144dcd8a8a899249db4ef7a283c0","854,822.9154","No"
"0x382ffce2287252f930e1c8dc9328dac5bf282ba1","854,118.505047111968516082","No"
"0x7b39299fa4ceceb64b8cb835e16248b74e67b074","852,183.299817326775886419","No"
"0x0fc95fb5183b8ac042fe148d89331167ed003832","851,609.6535","No"
"0x2114f01fe9c09e83d6295ed07d6c11781bd7da45","849,562.362","No"
"0x4ec0400929fa851c6e5f220ae8ab308129be6aa8","848,492.373709590521074472","No"
"0xe5c7fdf53f155f60f638bb617415c5fcb07e09e7","847,759.42496387","No"
"0x4e3053fd8211d8b56a7697a4f3efebda4467cf42","847,412.511","No"
"0x76671dc9718ed74f6432010e5a8f64a3edf87370","844,820.0467","No"
"0x9cef7852694d0b85078af79b51883e77d28469a9","844,525.3457","No"
"0x8076690a575dd4424cfe7d080e336798b58796ad","843,374.4761","No"
"0x59eaf35434651adbfd1cac850a41867a82ad5067","837,735.8885","No"
"0xcbc810d3d0d8a999470f781a73329029d23d10e2","837,300.3756","No"
"0x67a5fe2e978ebaaed8964aaf9eb2b823134bb8ee","836,987.8045","No"
"0xaac1ba4539812771bc4a30d928078b505c9f93e6","836,584.7182","No"
"0x21224ff528e676e9f0ba5987908c1caae533a51f","835,870","No"
"0x3a1103974061e1e53719a628d1b23548b4353e68","835,000","No"
"0x2ce5c25fbac891fc0d9301bdc92a741ee4625d00","834,935.4592","No"
"0x3d60bf914d8a7fc9acbdda2b2cd2e40c70219f73","829,938.822","No"
"0xda713f406da2d73038806b8dd066021eae5a1936","829,142.2309","No"
"0x0f48cd3f64d3d3b35e0064d6b96bced046f74540","828,921.04777783","No"
"0xfb7df424e028e0e536792ca475617bbe4191d30a","827,093.4636","No"
"0x0840931242c6c1824a32415c32fdfed55ab27bfb","825,038.4831","No"
"0xeca60c6123d9ddda4a0e900304a8376108f2f988","821,667.1681","No"
"0xee23bc047908adea61661a267ff558e63e5b0a8b","820,660.4627","No"
"0x6884348dc843f8601eed9e5eba9ef61a512620ac","817,659.7649","No"
"0x16942b4e3e66d6f740e0fd727696c0fcf5244858","816,926.93119214601654329","No"
"0x71f318fca2859aee4a722dd074fc4178a6bb0c57","816,685.2073","No"
"0xe69c6b7571dae39cf283a9f62da614e4622cfda4","815,021.7988","No"
"0xd82b39b48026ecf5f051134c5fd11904429bb541","812,792.1061078","No"
"0xeee64b4133c4b1fbfc830ad3750404b04d8a70f3","808,378.13934372","No"
"0x70dd4427cb6eeb5e1ddcfe044d60cb3327711bfa","803,842.77202123","No"
"0xd49d9eaabcdc96c1bf16c3081f91a2fe060ec319","803,168.3703","No"
"0xd46a9ad584182868f0c0edf82eed2d5945910a93","800,708.4439","No"
"0x1eb2e70bae366aef15b4acf3ee96f355cbcb42e6","800,000.5223","No"
"0xc28f5da0a6d8dd48ce4105019349bf01bb551dbc","800,000","No"
"0x6684ab4a05ec379e237ae55b832d444d3d338984","800,000","No"
"0x94c746ef6eda1d93fe94fb1f07a88c412af31f3d","800,000","No"
"0x4df6893727664c2d278ab7a1259e17b01442f3de","800,000","No"
"0xbc057a99c92ce7d84bf3010b7b915c39d65efc1c","800,000","No"
"0x851041a44726c026bda002f75476d9ba9e48cbab","800,000","No"
"0x613b971ea85a7ddc0a3b64872c5c809d128c86af","800,000","No"
"0x0880ced8b5908575f246136857f1897496ca46bf","798,771.6979","No"
"0xfdb861d20e90df1574b258a991a274bad15ee72a","798,247.9154","No"
"0x7de7120a5c0d70df5e1daf5f510520757e01e88b","796,800.20211888","No"
"0x939e97f8917d3594174f1c468898d2eab7bcf430","793,650.00528786","No"
"0x7a2842ce204671e82389f6507b5940335fd52582","792,835.026466444902164344","No"
"0xc5da463575f3a463b8c1a2ca9c40b421f2b44f55","792,662.995","No"
"0xe220699bef39e0c3f10cbb09644b90f0f476006d","792,116.7799","No"
"0xc0241bc44bc19850f67126d525b5ceb4bcb90194","790,413.3762","No"
"0x87a265c93d2a92c6eeec002283beaebb4564fd20","787,305.607535","No"
"0x61806bc4009f472ac91fe60b775df4a17a860545","786,369.738592017962968615","No"
"0xd8cec93df0d33a071f92158b489ed9cc933a33bc","783,293.4548","No"
"0xffb09a53a31e62e6c0ea149a72751b52d1789d62","782,018.7146265","No"
"0xa481226de84acf4fbee716e03888dbfb4798360a","780,141.262549381358232463","No"
"0x62531ad74ac925f87e0a8b57ddfec839cd28f369","780,041.43642738225","No"
"0xb04f72ce17e7edf8726c270aa18e27aa13631ee3","779,086.7326","No"
"0x3b43467ae3eee528a01e31321787daab83954379","775,151.9126","No"
"0x5094974169f668be3805bee43662112bc2fe8bfa","773,335.4833","No"
"0x58a9958016def0001b8ade941381b588ad568d89","773,119.8782","No"
"0x58fdd790b80c3df9a2eb3b39b8d2b95c49c185cb","772,461.14029233514145943","No"
"0x6dca303f540f05fd3311a02a34d95f40c7240ae3","772,187.06","No"
"0xfc717c26be2a8dcf877ff01b0a57fbe8efd0add4","770,583.6275","No"
"0xae6d40aca2b6475ea3df13d41d5683288e8a5d08","770,278.1076603","No"
"0x9502a3cc74a1a7a43da25c66febfd03db526eab1","770,000","No"
"0x8ec6ef62e26d46211656e9b4f38f76b00bb2c586","766,715.0975","No"
"0x44ae37389bf1321f3ad62093ef7d2ae8c02ef838","763,924.2707","No"
"0x7c84cbefe8724bc84a77079d7a7518da7e5dc63e","761,750.63227741","No"
"0x0d6735f0cd73d0cfcad4881484b60195ce0a5202","761,273.33261518","No"
"0xeb9312facae06102a6d78ab9bb6515f3943e8f9b","760,800","No"
"0xd693eb59ccb9320e4071d4b7e7b43098b8241407","757,416.3759","No"
"0x453954a7a4945ea5049f61689f74dfc591576059","756,096.001280977065318554","No"
"0xe6dad374a67af9738d2e56bc5c1d131449223a72","754,388.1889","No"
"0xae1b7f1e72c4bf581d5387f7604e7ef624552837","750,147.50714285","No"
"0xab2e7a094e50d9ce5271a85db01b28235548ccd4","748,996.4294","No"
"0x62d2c5996ce6bc45b964625ebbf36503b9c4858d","746,913.929","No"
"0xd31bcede61149cd805e05a01c3fa6dfce8bcb761","744,993.132913818510243856","No"
"0x003f4c79b722b1ef4c3eef7950b5bc02d2f48aac","743,445","No"
"0x9c5779f32a3f8abad8cbd210b2dd01df4a49c11d","742,964.32445717","No"
"0xa1df583891b77df6267b7e49e3099ab9bec0d938","742,538.9316","No"
"0x7511613330404c04f0b061e68d25ed85b4f016a4","739,636.213544567687198487","No"
"0x036d680eb5865d2205552ca830fba0990dc3dbcb","738,981.0178","No"
"0xa0b189dfe4800168ee3b56ba5437a5da898aac60","738,665.562773","No"
"0xf10e04b54fda3c8a478515b03b75c895afd03849","738,449.2737","No"
"0xa89920beec8c766e6ced587c529260dde292371f","737,128","No"
"0xd4d229d17affcc2a6472788c56c12c99084149c0","734,802.0938","No"
"0x886d8b44f4c56a1ae72e3eba176b66453cf76019","734,279.8078","No"
"0xf8f1664e4e7b5f4d44209e5d5b3fe0621f1131ac","734,117.3741","No"
"0x63652f45305ea2da27058076681c99e23ab182b0","731,574.9912","No"
"0xb0fb303d21bda78259a4d862e70e051a194094bb","729,611.3046","No"
"0x175febf2e4502e31bbe73d7fb8be19e3bca330ba","727,721.195","No"
"0x22e5220236ec806dd0a9d91b26bdac20c07f2b0e","727,068.766","No"
"0x2c407661e5a9e4d6710fd62e190834bb14ade5ea","726,474.9824","No"
"0x2ce48f39c5440bf2216ecd04663c563cae49ccac","725,790.888908397913791016","No"
"0xd66798ec393e148e0356597920b75a549b426e11","724,542.49492277","No"
"0x434f7b4842fd67749149bfdac964eff03eb62f6c","724,000","No"
"0x4719cde5652eba554a3f1be0e27b3d82ef66a204","723,513.468","No"
"0xe307a074547696935b380628520f79734a35a4a7","723,210.35714286","No"
"0xd124bf5e9c1104ed4f97ac88f9b319a3775dcf0d","720,000","No"
"0x64699fe835ec3b336c2882c6b0e980317e51d458","718,773.522508196484415519","No"
"0x252d760b47754e36a89e95d265dfdbab34e1a562","718,622.0086","No"
"0x18433331d29d39514c7cb6036032d516aa832088","714,744.6439","No"
"0x5e1586738cffc3522b3d343adf7a5df8c0c67c35","714,682.65924401","No"
"0x384ac1b25b81250b2c33b1ab3a63510bca4abbf1","712,128.1084","No"
"0x341e38fd65a49102f42675365ab28029a2a4228a","708,504.902","No"
"0x4cc103782e9b6eacf870178b484389a43d26f094","708,166.1667","No"
"0xeffe60ec0bd219760eb40e8b810c54dd2eddc351","706,586","No"
"0x7f168e29c9931bc57ecb6dbcb07b335348e7786f","705,949.9694","No"
"0xf239cd540ba214e32026b5ed462650923607d714","705,478.5288","No"
"0x4a907ffdd676ee5ffbc5eb1c76bf2c44f6b62103","704,270.701293392339517163","No"
"0xf7c0d288d0a2fa4ed8083b2fa826c0e73404e29b","698,581.9487","No"
"0x1fb8fded1a5887cd19c55794f29ae60d6ecbc1e6","698,139.4781","No"
"0xdf3aa51b33d4d9127c248c6999cc28339a0dbea7","697,241.6907","No"
"0x045fb2a45d90e595bc34dc8bfa8a3410b5c98c22","696,246.757","No"
"0x43c0705847b624a4f1a17898016b12d409b6c33a","694,729.3972","No"
"0xec3bddb760d8047eec23d8124cad473074890a00","691,898.4874","No"
"0x506d34bd5193d32bfdc03b65a967ae03505b2999","691,895.48353266","No"
"0x7b718b38775471f16459658ebfbddb29cc85633c","690,249.3097","No"
"0x4cc8c60e1d0ca36487f49cbfdac81d463e235e11","687,266.66","No"
"0x2fd50fa5111fc21cae4b8c1d51c9b333509602b8","684,432.4448","No"
"0x45fe8ecaaee4f6b2cc2f65ac7427df5e7dc12506","683,329.1387","No"
"0x0f018b26b5f8b62989933c44608d8e53cfb16d3b","682,714.5077","No"
"0x6e92bbb04d99f599af59b642ba636bcb3aed3e97","677,341.4111","No"
"0xecee5ce56fc9d21be472dd88ce542366f8166011","676,552.3557","No"
"0xf32feeb415b7b46fe4d0bf57e8f4174ede648f70","675,000.10497981","No"
"0x11add7c184a2fe76358a7559c6c067c977befc78","675,000","No"
"0x20b641a0b8333d24c514e0a6f9264c7579f712da","674,441.3184","No"
"0xf56831c97554c67858c9e791c3a50023655b670e","674,222.8304","No"
"0x82ab5e0060404f13094caf91e489c3d1b568923b","673,827.3","No"
"0x2aadea480ab5d784a7ee44154538e94b41b98a44","671,568.6275","No"
"0x2622a3d4a577a2eda0415858c914625f01cd9ca7","670,002.5772","No"
"0x493f788dc533b1cd95ae87cc34b33001312de49f","669,991.87","No"
"0xa7d0500e7f2d7ac8e6071159293f029f43879759","669,638.789054597442876546","No"
"0xcd9d88522c4d6d371e49e43fdab157d877565f6c","669,371.5205","No"
"0x832447c0a451d7221340fe43076c6f3e0ff34671","662,836","No"
"0x7e9b9869e49f201645404d77de83cce0dd770773","662,814.37178806","No"
"0xcde79a52063c14d95062e26cbfbeda3ca1ae9257","661,572.14215521","No"
"0x5475b0d63714e7347a03380e358541008b61d74e","661,261.7255","No"
"0xd56164b6b253b2874a8458ebc9b186cb84b5e3a6","660,364.19658206","No"
"0xb03dd77772e45952c05894d7596718b50b0200b3","659,162.6238","No"
"0x66220b5be62a3099afb7470068eb7b5745c620ff","657,952.6754","No"
"0xa3b400ca2f6e1aade9670169f58be2427a8fb857","655,473.9386765","No"
"0x69cfecc77d5c218093a7d2c85d4705040d75924a","655,165.5805","No"
"0xb67ae96eb605040b659d3ee22504d681cee78766","655,003.6749","No"
"0x8ce11e4752fe43dfd9f392458e4ea70d9b785c78","650,847.9327","No"
"0x4564c29c6a703bca60defda230958ecfc736b69d","650,324.2378","No"
"0x61988ff11dec519cf6b699290b6d4294ee915525","649,964.5394","No"
"0x49b851a44d496c5ec43734b3c075b9826b64ab15","648,649.16819526","No"
"0xff6082d2e53c66168d0b7eb530893e05746f2295","646,890.2432","No"
"0xeb4Af8a64070Ef0dEa6260e0Bf2310748f014d88","646,419.439016902453535703","No"
"0xe0ad6a35d82b518a228feb56c50ed6b4c9a78cee","645,782.0748","No"
"0xd99190acd78eaa7ed1be61cab07b76c179c2f23b","645,760.8381410706","No"
"0x5e0efccc20fe69524eb86cb2be979b3f1499531b","644,744.8315","No"
"0x73acb071b194e6b26940721dc72179e37db229f9","644,661.7543","No"
"0x93298c29d8a550ff2810a22f1d317251d7e3da87","642,439.5125","No"
"0x38db7bad6db40de9a8796eec77e52395c7a35f8a","641,666.6667","No"
"0xd59a1fb2338fd71845527d9e735023cb60f52f80","640,513.87502588","No"
"0x5bef4949e47079d5d9f791560c4bd0bdfaab47e2","638,798.9302071","No"
"0xa146f632cbb1d429a6ac43360087ad1d5e318e37","635,699.5819","No"
"0x9bc6ccbc17a41d1ecde8a236081159894b683386","635,522.979479999897999999","No"
"0xf3f9ad072060c8617be894ad9211d3df0997bd4f","635,000","No"
"0x03ee0da1d111d6809257a87742d9c9b5854ec06c","633,016.0472","No"
"0xd22317e7e03afa82106d6f90e9c1ac84001672f7","630,546.28740714","No"
"0x5940fff71d39cf32d4a7c01c9bf7532419b9ad77","630,235.05810154","No"
"0x659b66a122541c722a76c5c3660518b18f5e6c6e","629,495.1223","No"
"0x97aadd63e7463186ab409f251f12d45b4c5bd99c","628,174.5063","No"
"0xf6819c4f6d16a79513e05b73fe193bd4eaf5c6b8","627,198.498","No"
"0x57843d56c4752c6721d0b530320d1bfdb376f915","626,846.8008","No"
"0x17269dcdc000b51b907abcb0a4ea4c0061f20997","626,689.063","No"
"0x52e5067c0ce3200e7dabbed5ef0608add8b84af2","625,372.3695","No"
"0x42ade009830004037e89709aa66cced34344cbe5","624,594.255624658720879589","No"
"0x4ddeb1dd3b36e02ab7af4394b112151fab9faf9d","623,656.1782","No"
"0xe05ca5d3e2ddc8d3424c855121e49980c0f19689","622,389.2782","No"
"0x3877747c4663faaecde8de472e1378f17724bde5","620,361.0182","No"
"0xb92fceee87f38f151e2202485a7a78227580a7e4","620,193.3392","No"
"0x4df0aa4a59e25668279eff08b38d1d2278b988f2","619,315.96070828","No"
"0x9fd10468b804589533b751285bbcf5efba04cb47","618,603.5086","No"
"0x85abd24f02ca9035ece54b35d9c1b05f2ea38f2e","617,197.252345205009776667","No"
"0x48bfa128e7a6d34333c11822a4b7b12ab4932fd8","616,646.4225","No"
"0x4883f600a282fb639ee2ecea71394f672ca4c485","616,421.625","No"
"0x2f3a0a20a0a4faca38db3f352ed9f5f68706e794","616,101.24242877","No"
"0xd3dcbefd181126a1e3efd02986b9e0be8e9c0de0","614,125.30148065","No"
"0xc78c98508260240fc7da7abb678596b82bc20ab4","613,998.0484","No"
"0xd697546de5d5c28916c0ea2d77d84eb8cf30339c","613,869.6866","No"
"0xa1223350be84ece534294d4cd211497ef7fd69c0","613,243.4652","No"
"0x03c3d39083344de47a6df869dffbdd49b0e9825c","613,200.6888","No"
"0xb6d9d165610a402e96c3867ff1bf026ea7164319","612,077.36577781","No"
"0xab9b9c3be85f184e850cdfa4baf9dc88a8730d59","611,721.6","No"
"0x268b85302248ddbd292c2ec074e363ec7579855a","610,919.42542114","No"
"0x915b51d2528daa06c4b7d13f548b61401750b8ef","606,063.5","No"
"0x7e3ca4a0c56b95a8ca4db3720093bc62be0300ef","605,199.6094","No"
"0xc383c87bfd823df79a1f9171ae4522ab1c0a4e6c","604,755.78843215","No"
"0x50803c00203c2e0c1597075081c3da60c0bc5fec","604,639.145","No"
"0xd0c182a7b25088c6d61ec2459ca051fe2c687e4a","603,549.06112489","No"
"0x3ceff58ad18844ae7bbdbf06a31c00ce5149319a","603,276.39760377","No"
"0xea97f79c09696b61529a38a8150e3677006e6f4c","602,011.1909514","No"
"0x199d4724e38831ea0f6482fa56bc6685ea71ff8b","601,928.825","No"
"0xf5e18d609a16ff648513a4a734ea799c051979c1","601,594.6645","No"
"0x17af01d9ebe84a76a719d503e55eba326ff02c06","601,392.2523","No"
"0xa9af4b1a02e45debabb0f8435266b710df73690b","600,000","No"
"0x1afca2c980585691887cdc96cc64787bd2ba2959","599,756.882","No"
"0x2c8c2d82b864d482299de40eaaa8f3721b4a03b3","599,406.82568782","No"
"0x7dd56bdf631244a879ba81c61f556118bd706252","599,323.5861","No"
"0x3fee7d8570bc89c9f86283a59f294ae3bf21b257","597,455.9661","No"
"0x3eaac31716ba4e057c4f4282ae3fe3d1fe3e343b","596,576.6667","No"
"0xcf21de059c89878f44f3357d8b1cd34c68e792b0","596,576.3333","No"
"0x06d8c949c2377800a54c3bd2ac05e303d9ce30be","596,576.3333","No"
"0xdc3ed376e763a6f1a9b6c437b0a15351a5b425d3","595,860.7791","No"
"0x76824661e23e6fad76b3f5164be1ba8e1c809f2a","595,029.3333","No"
"0x094951a89e019ce8233261d0168c28b67f84e3a6","593,265.5929","No"
"0x893413160badf69b4f4d75d2ddccabf492856f4d","590,426.3075","No"
"0x2598da8f21832c3c8b1ec163968e3ad0533e5eef","588,752.05840294","No"
"0x8ebd461946ffaf179b66aa44a529ff50b76e6676","586,504.34475545","No"
"0xfd475458b7f82fc6a963d063fadda9305110b815","586,199.1839","No"
"0x527ef9dfb7d157b5282bfa889816c9baadcfb932","586,081","No"
"0xe284d2e90dfd9f954dfebecadab7d40af0c2bd1a","584,671.5714","No"
"0x3ad03c98a958bc2227cefa07592bcf432fac2be8","584,619.90599483","No"
"0xe1b95d1b8b40a55a4d02c9386017562d73ad3bfb","584,347.82608695","No"
"0x649421c3f6aadd3047c83e1f695d35752c07bbb7","583,333.3333","No"
"0x7e864dada9ba77c0a569317cb3367859934a8997","583,333.3333","No"
"0xf777fd410c90290493625c79a7de32877b50c222","582,808.59986795354718182","No"
"0x74865eb37ec505cc69f480d4842c60bfa3cdb3cb","582,067.66605986","No"
"0x174e3bf6c921a3287470840fd57ef0afa5e79cc4","580,100","No"
"0xc737a90a98928e0129973e8ad387cdb9a66bfcc9","579,924.7836","No"
"0x4e6aaedecf71d557492ec51b11e2cbd338987e69","579,801","No"
"0x506d9916fa09f13bb9644b6b06a2f246ddf6f52e","575,872.12991326","No"
"0x79f98a50ed69e893fe10d0768f48d213f1b898e5","574,479.7891","No"
"0x515c5ad55d66677806f1e9262ad298fa4d38270c","573,629.3233","No"
"0xa12296f357fe542fb38fba198d2d8f86eb4f3020","573,243.5641","No"
"0x6cf280bcaafe35a891d7b38c50b603860a9b2bb0","573,079.557","No"
"0xd1e757af5eff983dd91f85edb48da862597cda3f","570,347.755","No"
"0xf36cd1c57dfdbd0a65c29601569df03679e549a4","570,000","No"
"0xf05af1b30c6bbfe1748af0ef5bcbb32ed28a7692","568,640.6601","No"
"0xcd35533222c1458c3d05ecf3ccbd6df72567b37e","568,411.4189","No"
"0x4f469197291f66fa7f3cb100900ee72f14699083","568,063.38755261","No"
"0xbd50576703b508ea2a0a92a0eb1435c566cc856b","567,291.326561990929671481","No"
"0x34fbbb9c0f64705787813330b580a27c6327f2e3","563,934.4475","No"
"0x682d39dfdfbe4b377949ba87d543903ad84a1b0a","562,668.0769","No"
"0x4007849bd799fcd0b9ee1ee37a8020485c5fbec0","562,196","No"
"0xe1851bacc1f60969a84b103eb5895621523a690d","560,000","No"
"0x8b197df5bed32bda02f3f47de7f24528c34cb57e","558,817.58951885","No"
"0xe44811ea14f06f60579a48208407a255b719dfed","558,333.33333333","No"
"0xd993658f9b80b5b1b1cedf008dccb1fd25490248","557,927.446876422041767443","No"
"0x438b16baa47ac70541ec10488e028330ffaea539","557,313.6006","No"
"0xcc7336e556007d4f3bfe0ee2fc82db910f333b4c","557,002.790319552603259976","No"
"0x52bae43ebf7fbf1f674a2163fa57e7c2026986dd","555,000","No"
"0xbcb9379a81d571e7730b060bf59a2bd7f00f3ff3","554,759","No"
"0x928492d335774aa2e6000086db7dba603dc80de0","553,286.2193","No"
"0x32af302232cfe22f14168114543343d3147024cb","551,261.4728","No"
"0xd826c4f473f757483707beaba5a2cfa5cfe14a69","550,852.08205953","No"
"0x58626de66ee1d278c72729469eedbaba74fad2e9","550,717.7229","No"
"0x82cd3f4dca098cafa15b9a26dc38855345644976","550,000","No"
"0x639fcebab9555f58171d3eeeb4bcedc371173ded","546,900","No"
"0xfe76f90184f8b547947e6c5c071f1a909f2fc353","546,740.2425","No"
"0xa98557639d500b67c35bfd58936482108397b666","542,930.7405","No"
"0x9d6fd978b391e356378be9b66d741687b5d326ff","542,124.5421","No"
"0xc40e4bfb6aa9ae8e36f66a3ceaaae6e49501887f","542,018.5824","No"
"0xdf755c11d3e2d7e429717df69ce15c241d65396d","540,593","No"
"0x8354cda0a510768f5fbe9767887307341691abc2","540,032.7115","No"
"0x77df20e83d012c2714b2dbbcffb2d62a1058c7b8","539,786.40560105","No"
"0xf41e8217a8cdd0585bc3586c5b4a224ac19629c0","538,422.467","No"
"0x0c85efbf136a9aaefc5922dad989c0bb0e056065","538,323.5861","No"
"0xe1986cb1834eaa6107545751c3f443b2e10f1022","538,243","No"
"0x763ac21cb4c0726601ccd0004e7b13e3fe1c6acb","537,204.9522","No"
"0xa64b1f5d8baab3b4b66afd9b9de6c903e9b40735","536,526.9013","No"
"0x086455174786b90098672b629e390541883720ab","536,255.9371","No"
"0x90bb6b2fcc2b117ee2d97f2a6b3d85f969d8b503","536,167.36314792","No"
"0x074cc11fc59eba5a209cb2a84e7a06430bb5f534","535,877.5714","No"
"0xe92df42fcd7206622f6c771c492e0b7f5a483ac0","534,541.207","No"
"0x77c7f9719dbf64883441f0b75e670d9a12d76dec","533,436.0403","No"
"0x6565e9a2743669081f0f74fac896801ab4416e98","533,155.2564","No"
"0x24a31e5b45e4a5f506456a6241bfec71ad5b68c0","532,358.4371","No"
"0xa3dfe064bb3d8783aa6d9403ad3d1ed3b20e40e2","529,506.5784","No"
"0xbd2c8be14834029e50089bbf2337cee035e77f6b","528,734.1825","No"
"0x6db5496a264e52b1188d030fe89eb4bf78de8e19","527,248.448","No"
"0x001c6fa0f93c51044a20a94d15e0f97d1c5463e3","526,373.6264","No"
"0xb3f6aad3b4f278f46393d57b4977c7389cdc5816","525,565","No"
"0x1038b03b3db3a78304c1f3807e0ff0aee7b3873d","525,410","No"
"0x1d8eed8a27932e785758931e75b5e80856ac2f30","525,000","No"
"0xed83c94d71f8196db74197b2a9272a19f7864642","524,179.5869","No"
"0x6354bea5cadcc1cbe1e5216f433d23a5cc1440fe","523,887.7561093","No"
"0xa64c8e3348ab60e1c734f72486127446b34f8b36","523,589.61742464","No"
"0xf3e8c96b1e96267ef7fea4aadc858e1a84315b38","521,152.127","No"
"0x51540c331570125cec6c95ca8804b3f604afeae1","520,800","No"
"0xba47d5bd790093c3ec927bc9aa2290a15d4072fb","520,000.3866","No"
"0xa05c951fe79cdc91886790c5bfbab13e4c103848","517,484.6237","No"
"0xb48cf4907abb2d8f51e3a32561fb32369709c841","516,857.54016023","No"
"0xff6e492b63f38ae78a3fad892ce7e3df4b7c3ba8","513,381.152482","No"
"0x01368f7aa6f1ad5d0ce99b0f37e994e874f630b4","513,243.6667","No"
"0x3983cbe43cfa870a5ab0163c4c91ce5b14081822","512,751.4355","No"
"0x463caafa344cfaa99a053e07c8e992a649c4ffa6","511,769.0426","No"
"0x1f8ffff2dd37b860d843e58f2ef5f69794efd039","511,414.5778","No"
"0xd401ae702d3ae4919123b3c545c37299f6e21e30","511,358.86902962","No"
"0xcaa507e96538e7bccfa31be1d2fd1d1e43b834b9","511,313.5555","No"
"0x64a3e2a2edbf343f35aa17c6ffc85dd27c4ad3a6","510,855.000308451504745354","No"
"0xec4ba1bf1042e1baa1f519833a3f81e8588ff7b8","509,883.956","No"
"0xc001ea9f1af8b96cb9e00232590e38ab663d4e3c","508,377.1719","No"
"0x66175f8fb57fc500ea69ae7a0a8261406bec54d7","507,938.45","No"
"0x56397806d77f317bf8a25484b231e0743a9f4ed6","507,313.0644","No"
"0x1e23517f12fed0d4cee4c6e43b46ad411a474fc0","506,668.402221001082964362","No"
"0x75912c1693429002fc09424c0839a2f0ad0d598e","505,194.6358","No"
"0xd70b62f0e8c8a811a77a875f2be4e733db533e6e","505,000.80586327","No"
"0x4bacfa960651d6ff10430718c1c39d8454f78a32","503,796.878136923293832114","No"
"0xde3ddf41829418fab510cc9f54f8cab39ff72172","503,614.1243","No"
"0x853ba8de5e91f48ea3bce4820a58faa9a639719d","503,574.82500887","No"
"0x740e5932cda98bc70393936122e75ea39f03795f","503,555.5555","No"
"0xb9246bfb97f646181c871a460eea839a66fce465","503,117.792776594271461623","No"
"0xe8b98eb9abf3bddbb578ec51f7c53704845d43ff","501,887.30680802","No"
"0x1538254fb096f31975b39dab83486ed570f19a9f","501,667.2557","No"
"0x37484e3f0bbc91ac8818f161f538581d3e3d217f","500,741.49515044","No"
"0x46c03e72d2f4e0e0e60ba30bf8c2695392259ad7","500,538.99623681","No"
"0x653bd9097390e09fc21809e54bdc48eafc70c9ea","500,332.5246","No"
"0x1d42eac309dde996bb03e14b6db25560d180fffe","500,010","No"
"0x325a0e0f748f2b6e39a6e13766da5740c68f0889","500,000.2","No"
"0xde32ab834ba06c9af66cb7e49b4f9896627d7a8e","500,000","No"
"0x14209aa9b413678de6879f9ac1bf342958c9d6d3","500,000","No"
"0x556f7c491f1605763efa70f03dc81b3de1c25ff5","500,000","No"
"0x06ee32ff4575cd7cc1696df600a65ce8d446b9f4","500,000","No"
"0x8ec9edc782325ef2898da789dd69787fe36c53ee","500,000","No"
"0xf54eb7c9bb90c4e11bf22dfd5d3527b7612c008e","500,000","No"
"0x22f408f09be7125cb421671043070a7c570f21e2","500,000","No"
"0x74d9c31f67ceea0858265601a328176c0d9f95e4","497,092.61380574","No"
"0xddc22e1137a5d2722cffe7d93993287e16e34453","496,875.0919","No"
"0xf6d25b2129f8ad6677e2be1bb5f1de7a62deace7","496,870.1876","No"
"0x474b8c3c5c69297da2eb14840cb9f37eea05fe80","496,705.181","No"
"0xe5c286c5ef883a03ef5c0bc8ec3cc1023c547894","496,534.6134","No"
"0x12512034382f219b4905a4897f866a4d7de03c5b","496,219.65","No"
"0x011028fadfe2caffc8cdda3ad82b9dabda686a8c","493,914.0417","No"
"0xc92187394bf334107b9a4b359e7089c58f5e6b63","493,809.5238","No"
"0x4d391dc5cf91e4481e7ecc3cfaf487272aa1dea1","493,357.65721691","No"
"0x2fd1e73ca231eef6027d6c1d2e6403fe6e63a404","493,132.7628","No"
"0xc2e77b96e8116e728734ae3c091f45bdca0f6302","490,500","No"
"0xb6549fef8666bee10ad02057c5867894e26e8884","489,754.9111","No"
"0x43edf0af3b5d4aa9526e7190403fdb6268559258","489,354.3613","No"
"0xf1f66dca8df4cd24a6e046ccfeef446858ed3d59","487,503.26741789","No"
"0x066005469fcd008eef82efd1ad8f94842b741f3e","485,858.1975","No"
"0xcd9b412b8669c5af5097e47d87af03fe8a2ccd6a","485,695","No"
"0x1e5d94f8080d323916eca9ec3e21278d0ac16256","484,834.26718056","No"
"0xfdcbed0bc2517056c3d360a6b447a2308b01625b","484,648.2699","No"
"0x03086daa2abf08588a58991a29260306d258d0bc","482,346.52672325","No"
"0xbed3939d9062e652324c2b9d007920e8c5baaa24","482,001.4919","No"
"0x66f05745ba91ae38fa0c27d57477560f2a6321bb","481,320.0068","No"
"0xf50911811a35da494d588540f90feb6b5d135d5c","481,306.70197497","No"
"0xbb6deb0d6a4b112aec41c05065df560a00ddd812","481,243","No"
"0x67cae331b6b83e831a0b38b2aa6f3fa51622343a","480,652.1277","No"
"0x33032426a3adf4109b1d28d147e57b2c69e213d8","479,909.6667","No"
"0x8a2236dcdf7d29237cae234304bb54ce53d7a599","478,986.7892","No"
"0xf28c0d4dd37781ee5e201a53600f007e75a463a6","478,880.65071304","No"
"0x01a78a52b6bb6d4b86fceeafcf3073da3fadd549","477,515.995","No"
"0xeaf26fa86e2caae0a773a5943ee26d29adf4d504","475,800.8771","No"
"0xed7238a388f42de6104a2489f16f2ebb208e97bc","475,020.6084","No"
"0x13b6514534014a77d2c5833ade61dc885559e576","475,000.3331","No"
"0xad5d96bee21a0445cf95fae1dbba80156b250cf5","475,000","No"
"0xa6691aa242e36e1204c2d5086c887313ffdecff8","475,000","No"
"0x13c92469719b73b325d4a2165c914cf1c4b873af","474,390.672","No"
"0xc1dd8dfce922eee8771c9075db5ef5184279c7c9","473,830.95603556","No"
"0x50627c5266b311315065d12aee8c0c617c615f31","473,783.07","No"
"0x7ef7c204b767beb35456f26936c10ee90f897886","472,772.583313587804618256","No"
"0x2ea090a9f3db9cae69492d837ded1ce9bfabc517","472,193.916845656237802826","No"
"0x61b43e35645c58783f3a17d7b928242faf27b181","470,272.7445","No"
"0xc62ab43c67cc189ce56635d95d676cf2b704c79c","469,918.66235127","No"
"0x39dd22cd24bcb1b5ab46686cf74f9c97e814e61c","469,899.919582721917308794","No"
"0x4b07c8295ccd3fa574654689429d62b3ebd65667","469,237.0729","No"
"0x972b7f6e482f4ccf15d4307a9a0fe88ed87c7044","467,804.3137","No"
"0xa6553d5a9e96252d447037a2b54a813d5abfd703","465,814.56536452","No"
"0x509ed30570fb2e4b423c4fa91d4d5b791da5cf4d","464,976.9284","No"
"0xf14b0c441a012d6db9416dc78494bedd91094c56","462,871.24372962","No"
"0x726316c13309dbbbfe7d8881320111c33160d502","462,483.26","No"
"0xbeb24688cd757e1c16d4a8c035c3b78d7dd15432","461,612.9257","No"
"0x92b19ae198944a417be66d2470c391b5bb4168ab","461,465.1001","No"
"0xc2a1de7fac71436e6891b12e889d28eca314a1fb","460,545.1746","No"
"0xc3b52ffb70c060e3ffa69b06aa333ae322de221c","460,105.545","No"
"0xbc92511f6b758be736dec6cb8c3859a192f22bea","460,002.3208","No"
"0x0231c9e57ede20faf2ce6cc8f2e42fa6d02cae6b","459,217.8464","No"
"0x44a7bf34fa5fcc8f5d1ac958fb8f8598de61516f","457,581.48197499","No"
"0xe35362fed4ec7c04777da6a10876fec13f8ac7b4","457,359.6638","No"
"0x142a3d9e2abccf52917a87efea97ab5cbe0d934c","456,572.8655","No"
"0x5585489d37415ad56b5a4dae48d09f3fb622f869","456,553.11127781","No"
"0x2e97df7d6c4e5a32679c09950fcdb06870463ea9","456,266.3477","No"
"0xc2cc8da57a8c087e900f36c33b5d25e9cecabd12","455,000","No"
"0xd09165031907981ce80e98b239a6c0a83f8f28f1","454,438.9924","No"
"0x4a6a403ab5753762fcbab013e11a19770956dadd","454,337.1849","No"
"0x4e035bda60edd647fb4282d948a778f725e74b8b","454,268.641","No"
"0x0bc0a524ecd730be22a5d8f697efec818fde0e65","454,130.5269","No"
"0x1dabd60912caa85419b56934ecf7d46dc5ce1b5d","453,547.82608695","No"
"0xa11cb932faf9d3ff3cd45503cae66b9a083b4359","452,799.3172","No"
"0x5aa0e1f2bad3541b0bc88a5b81af655e0e20ecbc","452,779.002630101994634393","No"
"0x8c9b9975b1131308c7ac7e9e325fa5c763ea8a7c","451,247.9091","No"
"0xae40dfe8e9d33f8405f4a348441a0e2eac85dbab","450,743","No"
"0xa9d42920629e29bd90c3dbe00262762873589ee7","450,741.6027","No"
"0x88c77359320c4b11150c73eb5146baff5197fea9","450,383.7611","No"
"0x05bc00383708772aa5cad93ebaa0e87a7d013043","450,097.3921","No"
"0x964a5cbf3b92a81108abe2494fbba3a13ee4f759","448,812.0577","No"
"0xf69871b97844b7e963bd5aa6bd2f8bcdf81432d2","448,677.5006","No"
"0x982b5f754836aa8f15085253f0b7428290603d42","446,554.53120492","No"
"0x95465d84d5bfffd160371809c80eb5751a6b8ddd","445,247.7282906","No"
"0x67747c57d1e993713860599f7409ee4dec4d8df9","444,439.4892","No"
"0x22a791bff1ee1a47ef0a855365b4a9306283951a","444,164.997","No"
"0x76f1fe6b3d7b8fa83a62e28d18d6a175d3f012ad","443,713.5634","No"
"0xd38566fca8012189a789c6c6ab5cd80ff10f8abf","443,613.313","No"
"0xd1b1af9988478194d3a7f36c1de1ce1a8caa5339","442,477.76419933","No"
"0x4b509fb46d13ab9725f83cc55dd5de1b05869d35","442,441.85","No"
"0xae8c9be7f15eee4ba5b92dc2a91dced01bd63d08","442,009.4919","No"
"0x6b6513cc024d7e8a2954edaf5039795db005cd13","441,755.65468867","No"
"0x6dc6a17ecf9e44018f2c6f9e9a452d3c410b727a","441,047.18197354","No"
"0x7488590cd1ef398063db8b3f90bff5e3d2a553d7","440,967.0894","No"
"0x30d9fc00da3c16d9840099a338db59fc41b25f27","440,000","No"
"0x9de3897fe5846dceb650798ce475dc3b351110a6","439,592.8608","No"
"0x6d622363f8cad5e3ce92533f233d64fae68a4d4e","439,560","No"
"0x925fd8d705ff7cedc34067b0e931ad60d98736bf","439,370.9065","No"
"0x15587edcabfcf521db87893b85ddf31286fb38c1","438,718.96759950656097054","No"
"0x5da21dc90e40fef6890fee9d60c490face348cd7","438,119.4833","No"
"0xf2f95661a49a7c407fd1d0fde3241e5c7f836879","438,000","No"
"0xc7d85417cbb26780967590cb6938f4685cd02c00","434,687.432732033630945787","No"
"0x0b6497826c637977534e8a00105514a78694ad54","433,585.0029","No"
"0x2e37cd2b21dcaf026fedc9fe68eb89f17944c835","433,494.6464","No"
"0x5ddb0abf4577b7593101709e40fae669d552d57a","433,096.86514018","No"
"0x46d034720f6e35183207a39adabc0faab7ef1940","430,724.3202","No"
"0xb9fd008fee07f53a4f8527499cc2628a616e42e9","430,500","No"
"0x72e3b8e54fbf1045ddfad4e554a7159cd32088ea","430,032.030553290056645115","No"
"0xeb56ff05b19bc3ac942e82ea95f963e971181650","428,855.4139","No"
"0x3e36bc7e0fd5e58af2529a2c3fa4e84a0d8851e7","428,064.0884","No"
"0x3662e5070c57b4ef3e2ef961eaa440df5ade0686","427,641.03","No"
"0xb3b38b30737685496b67b276f1e9d92b2604f4e5","427,320.981834170644611637","No"
"0x72514d19d69273bc836b06cba1c2935a76ef68a7","426,632.428","No"
"0x50ca5741c0b9c35872132f9a2435516f28735a73","425,833.33333333","No"
"0xa8c17520683107f779d758d12f44f7e23ac67db6","425,761.58034136","No"
"0xc804bb40d0daa47794b6aa7936af237c74fb5e79","425,467.672","No"
"0x8793c0376488f13b17cc56006a164b8f2231abb0","425,000","No"
"0xb9d5c8175c1c5861f13e54e62ea614c572069e6c","425,000","No"
"0x2c602d84958f7cd8e39087ff71f6dbe1d89929b5","423,883.86175","No"
"0xd2a5c3546864c8fb878ad7d6fddb3c83c1b367c7","423,238.1189","No"
"0x550e9910bec021bc706d03a41b5efb62cdb76269","423,064.85111991","No"
"0xac41510167cff289a7fdb8f4ca22011fde9cc87b","423,010","No"
"0x27a4b75523666653d4eee0bc4ec516c1cba56b6d","422,935.865287839230640316","No"
"0xef6d2b6b4bace7d5aefabfdca74f472d51919149","422,786.390059819917580691","No"
"0x030124ffadbb7e06968ec06a1cff69c7bf1017fe","421,286.38","No"
"0xdcf1e300ac933c75c86a4601be9a6680cff77520","421,214.3955","No"
"0x3c44c441c58fb8a2a6028c62fb2f27ea66202804","419,546.4171","No"
"0xbd88f3b5112de984d10a121ce233bd59ac96339f","418,477.2115","No"
"0x0837d4019271c6e55914158044c1b78360bd7bfb","415,037.8718","No"
"0x0854b91b0945fa92e4cabccfb8fed24a27f23616","414,139.2484","No"
"0xdf2933b25f7224dc0dce6453aed530815ba5c20d","413,593.85752895","No"
"0x6645f6c0899841967b9ed7d23d4901e3a0882e49","412,958.4135","No"
"0x177de70d0f20f43b0d2d9cdc7cd5a89f47c6790f","411,337.9667","No"
"0xc8b4757d9fda2edc93f0f5d15088d6fa5149c954","411,105.7545","No"
"0xbb53890221a0af8dd414e6f534166f08524313e3","411,079.83875818","No"
"0x4271bf78b8844e5f3bc35304e50c9bc370963cb0","409,796.8971","No"
"0x0cebdddb8d93d113daf9586975209b8d5120fd83","409,769.78723652","No"
"0x7381b9fdcd146f41a43a70857b8feab60cf700d1","409,641.63120832","No"
"0x2f80fb9fa2a48a2ed9315668ad017c9711f5bb87","409,309.3218","No"
"0x8dc6fec62f9832fb4e2a6425b4e6851702e6236c","409,188.9574","No"
"0x57818d751d1e765d344db6dd700b6dfccf24fba6","407,590.9980810811","No"
"0x576d55176e8bc204a09f23f5b76e92a48c93d35f","405,760.53992177","No"
"0xd374b1b4a1de0a11fce8b6bbcc40552c1d2da5c7","405,697.186","No"
"0xff639565f57aa0d53c58758a78c8120aeabb91ef","404,747.6961","No"
"0x2f341097b3a603ff0dfcaa1d55451783b21b4e09","404,678.4337","No"
"0x94a27da6ea6419b2faae3dcad047dde27e9f8698","404,500.4995","No"
"0x774de59add72cb1c01f080d50c5e0d3760dad48f","404,398.0543","No"
"0xb84e2af7c7660928144763fe3d27fea794094699","403,917.434033699094302035","No"
"0xac2c121072a0a9460509671addddff6abe16812f","403,697.6667","No"
"0xb4da1e5b3edfcea41ab6397e50bde610e480e856","403,212.819577107145","No"
"0x59bd773e8eb79f3c0054f37cd86fea770c52ffda","403,155.15","No"
"0x9862e5f7d631969f7b70a381c6a9e3f2f972effa","402,968","No"
"0x96a2f348405ec07ac8ce13611dd4b228e57f21cd","402,748.5988","No"
"0xc473cd88f308747cc38d2d82c63de5356315b366","402,738.5","No"
"0x47e644dceab4bc6380a13bb3790341ac02ff42d1","401,272.0939","No"
"0x7277df5a03102304344d4f8ab506a3d0d25b190a","400,000","No"
"0xb4e7aae15fdc02111d00fefc45496d4c780e02df","399,697.58064516129032258","No"
"0xebcef282bc687dfd3673afab0be108cacae2893f","399,232.481506183978989039","No"
"0x6983e32fd120dd9e8986f7dd41d0e421286ac7c2","398,975.9198","No"
"0x58246cd37c0b30af5ff465bdaf7de16b79583453","398,753.9723","No"
"0x29833a867d200ca12ae7de045ea876b06396e667","397,990.90864135","No"
"0xdd41ddb218ca7f782b9607c8d187e7c5d16cbf1e","397,858.3846","No"
"0x48c09d1ee7127e04c1c3b5aa87faa0851cf89fa5","396,949.8832","No"
"0x9298ff1002c952403d2e0d3e9312a3e51f7fc9d0","396,502.4725","No"
"0x348dccc38d1052f61f9b1cd01535a0dfe9ea0a7f","396,476.045","No"
"0x6f64abd6bb985795ad7795da018a444cdd3142b0","396,374.48266642","No"
"0xd283651d56448e7bbb345879e30ad4ba15a53197","395,754.76656498","No"
"0x8102dd1362b67cbc01be1017aabfd351011ae134","395,491.15","No"
"0xc217ee3466c7892ab50013cae2b5fb39ea707da7","394,651.220466395133222985","No"
"0x2cf48f3be45d1786e74b88b7d33b0f6418df9ee2","393,669.3333","No"
"0xa635be22f8ee91c345546e21d556da2b7b3ecf3b","393,644.31","No"
"0x3a717cabb14d7e433a0e972feebb6eb6ef56d2b7","392,972.8549","No"
"0x0914a1486485e2585c2c85d9c99b9f7cdaa5a3d3","392,409.6667","No"
"0x490bcfbe0df21ac08bf578789e31946aabc8c35b","391,687.5","No"
"0xab7616221804be5509083743f5b0cbecd69993e5","390,979","No"
"0x6ab5008d99c4122d6938fb893e9a4c60c9da6dfe","390,334.6253","No"
"0x5874fccb793b87716266e15f0eda1b69a0fd089d","390,300.2639","No"
"0x7b99d8216268df153d2532cc0e71ef0c639e8414","389,662.3045","No"
"0x49d72df14e991c5038a8a48db0af2f6eae43aac3","388,469.503613","No"
"0x5f7d8e2ef0c4b21946c380de0ff1bea1d22e90f8","387,257.6175","No"
"0x980b68a9682c77428cd9e223389c827cdb813801","386,698.7002","No"
"0xfa8dc832e0d12bbb4f7fb556b2d68cf7c43cd53e","384,878","No"
"0x3a7b1213ebd3e431f3f1874d31e608140b55fb6e","383,724.0312","No"
"0x6c717b60693a6dfb4395157b0cf3ae5e960f8696","383,333.3333","No"
"0x9cd863efaa8be584b74978867baeba49ff286f74","383,333.3333","No"
"0x0f92349c570f03ff14494fedda97cf6bc799cc83","383,333.3333","No"
"0x17a90ad5dd494defd33d0a0d5452048a62fcc6e1","381,750.8757","No"
"0xc55a31a2648e8e8d587cd863e5c77acb9b4aca42","381,567.0964","No"
"0xede0515b98e32bb45eae9c15b0f5b935e190fa3c","381,305.818893036351605756","No"
"0x7c0cf0923aeb37503086a00a4f5276819f77f86a","380,608","No"
"0x8def740de7f0aced840206df4ba2d2177d6f7935","380,306.62962846","No"
"0x2299cfddb69f544a477de680135971f631224ddb","380,000","No"
"0x554ccdaaf1708e13bb68e2576d1da01a1741e28e","377,206.9996","No"
"0xe6075558d92e95ab8a3cf5f721ee37658c2c6ec7","376,760.86","No"
"0xf8925d44b1bac1ffbf1defcc5ad1df074144bf55","376,280.42","No"
"0xe81b9e084092b3c04ae7bd5660667def6dc2fc38","375,270","No"
"0x8a22662cd4f174cc77a335e90a095a2b40cc6ba5","375,037.157793622416007054","No"
"0xc6506c509d00cbaca89970b8d983eeaa45ca8e22","374,332.9861","No"
"0x0714b554f650f00b2bcf501d9b0c5ea8bb05626e","374,290.981587038891143926","No"
"0x3730bd2365aa1c6240686d680d93b563903d08ed","373,484","No"
"0xffdc008a4f0c7dbcaf72a8f8ad57d0f29fabc2ab","372,938.801","No"
"0x1ebdf3099b351f8002f831720b78d60f5c3aeca3","372,711.2868992","No"
"0x401f7dea2550a58e61d15ef4678150b6027bfb49","372,164.2134","No"
"0x2b83680ce3aa57f7a4dde18e4313b1aa2282f840","370,082.69362652","No"
"0xc4d8690ea71d123a2ed3a3ef35d6d0a05d29a169","368,977.6752","No"
"0xdb708897ffe27aa5589eb626ac85a4e8e4c53144","366,218.5969","No"
"0x4979ef0b0ad169a692b7c7ade31123a18e43988d","366,039.62823513","No"
"0x7ad1746a23db6ac4be03477b0570bb3888636bf0","365,004.5597","No"
"0x5175d8fb9eb75dd743c89b0e5b22ff052fbae3d8","363,243","No"
"0x95d9f59d5fb207a0dbae55d6e5bffd67e851145c","363,190.22367331","No"
"0x811b98408ad6037476004576b916776bcc771084","363,047.2337","No"
"0xe3aaa0cf6e2feb92bb96be85ffe72da2cad39543","363,000","No"
"0x3467d9ca5fb84bb9326e9020bc5e10d38462411c","362,506.5183","No"
"0xdd24400e112f7ac670cfe6240d31a6dd3e560917","362,390.2615","No"
"0x69e7e6e2900bc10fb59b0781a9bcffbd690024b6","361,697.56922846","No"
"0x368e7af9772043bb1303eabb37a5e7729cd3cdcd","360,866.5256","No"
"0xc063b1b6ab5eac36f32a8564f3d3951663adfa03","360,332.3864","No"
"0x174314cc9569a5295db885dab8c3f778c2c16518","359,824.44221393","No"
"0x1bc38e8483327f6df7c1314f989b7d05a3b5e886","358,662.3631","No"
"0xd2b338504ab419aff1336dcb805e4ead1946cb71","358,011.9454","No"
"0x7e8bba41a700e339083adf02e61145d2a2a10521","356,326.4692","No"
"0x0c0a191fd22e2ba2f72cef94d71131e9e0f3a3fa","355,153.1921","No"
"0x96970f9a7ed709d04618e11e19ad038d4cc56ad4","354,805.4333","No"
"0x4e4443aacbe3efc9accd1a9afacc7f1ef114642a","354,059.7524","No"
"0x221f09f50ceb169bf8b8d6670c65261deca97ccf","353,725","No"
"0xd92f1028040a6c94ccfb7ed407e9a5d9ea352540","353,725","No"
"0xb5a7bbaf117ece054873b30a4f4bf3e98a44828f","351,877.22132471","No"
"0x6bc0737dbceeb4317a009216f5b13e0a56f7d797","350,778.0069","No"
"0x735dac4bcc60cb514db1d236f15aeaffe3646444","350,000","No"
"0x52b3f921e21d38f9cdb41e93069fe16a5e99e02d","350,000","No"
"0x0407b1ab79c582785beacbfdb399ff82dc5fc7a5","349,183.3333","No"
"0xcb5dc0b155f5d5335dda363350bbd6c5dfaf1252","348,281.2484","No"
"0xb77ac933c3c14279bc55d082c7ba5c4b34a9af59","348,000","No"
"0x4c529bc61beb3c80141d81246dec9a79f765ed59","348,000","No"
"0x69926beba7d1b2b0655f21815ea3acc40788cd83","345,730.3239","No"
"0x8a2e953c6adf802b32696cb4f0b7992d74023556","345,632.6336","No"
"0xce841b656a858a707effc27b846c5a3d177be240","345,234.2644","No"
"0x987be5622aa27e31002a27595633f3a2d1c5d224","344,643.2475","No"
"0x63dab6153be0edfad84156c4dce9025a42ef698a","343,074.1513","No"
"0x2d329dd7773a05c65edba101ba9d5e3dc26a3310","343,031.6","No"
"0xf6a6c237316a6202841bc17c9dcbf5b8783d7349","342,744.4565","No"
"0x92b1e3f40d6e0085638dcd794fcf2610fbd2670a","342,727.5105","No"
"0x2b8e3e28711857ada57a68b783ac652bcf7abb27","340,835.9046","No"
"0xe2091c440cb0700c3b43b04572ab1a56716257de","339,692.605","No"
"0xd80f82fedac6393d43dee1240370ef80c6fb37fc","335,332.83389472","No"
"0x8d43bd31a91aefd2cfcdd11701d3f39186f0a512","333,818","No"
"0x41c67f2e96df0fed3b0bb117e5fcc974c5ae0316","331,522.6337","No"
"0xc7c0f5869d8f949d9dbcc1c3f25f63ea0327e8b2","331,403.075224263363879458","No"
"0xfa1ec82454fd58930a6856b6ba11f35fed7a297e","330,203.2999","No"
"0x79d353ca31c201e1e394f146e40cccb2d7f4cf80","330,143","No"
"0x86d99e2518a55e42831371af4d604f3895a8041d","330,050","No"
"0xf7dc19dcb339161e7cf8bf8cad69510dbd48c61a","328,985.24269318","No"
"0xe0cfdc730d29a9e8baaac644d957ba02ce0ead9c","328,792.72031130551564114","No"
"0x991f70017e66c2a08365927cabd4488ca5739a97","328,461.3811","No"
"0xc6023c616b265dcd71a5be8298eba6656a568ffe","328,442.58557907","No"
"0x69bf011813b2d54d77f67ba98631c05eeea6515d","328,000","No"
"0x98902bb9a3a13a17f6baa0b0eb22fafd5098f23a","325,326.8246","No"
"0x951a38218336294370d9b01f969bd76cdf8f5998","324,956.1469","No"
"0xd46a8e0f3d9aa3c95a8055995c6773398e624847","324,561.1168","No"
"0xdabe25996678ea21359fde79fddd3b0e77b71473","324,299.5638","No"
"0x2d4d23cce90267ea2ce6ab5dc7a44474bb0c82c4","323,918.0849","No"
"0xe1d34d58519a7ce3f95fd8eac3a79335f78b6805","322,717.81507174","No"
"0x88dc24075ec029e1dab5f21785ffa71ee6f6efd8","322,048.9214","No"
"0xb3f90b8b8af32057f9722c044c3e3282ae7356b0","321,681.5346","No"
"0xf0d0f8c4c9562ba9cc00e88d2e90e5d292706cbb","321,659.40601118","No"
"0xcc0cfe9882e9ab2d43d019ac6d6a8ad9ee438a48","321,381.68","No"
"0xcf030ef861a2a44841242a5c024c4dcef043fafc","320,336.036777257995511854","No"
"0x3d2198fba0249dc37f012d99bd2c5d8c5c885c1a","319,493","No"
"0x529b118ba357bb00221350ba03fa84d1c1ba279e","319,050.7704","No"
"0xbfb313f64f64b1b4bf8c00b0e070b96d3a40964b","318,989.1069","No"
"0xb1eb02483f9aab8c99be1dd47da31a469cdbd731","318,982.61066607","No"
"0x93f837bf26478cf810867800573570bccd94cf34","318,933.07944744","No"
"0xaa5e47e939697ec11d53bb5f9b497003f174cddf","318,850.2335","No"
"0x8b09430b0f5dd865dcfba6829255ca8351b63df8","318,579.9377","No"
"0x7b76bae2079cb912568bbd1c4a8ec50a78da8799","318,335.0336","No"
"0x58b8866b2407091385ac056d04dc8f4ee300761f","318,048.29762758","No"
"0xc4a860c57b0d66b9973167ef9a984d934a77428b","317,634.394","No"
"0xa7a689b0bc212f11412191ac39dc7a23d1fd47c7","316,539.30175535","No"
"0x22ac6352dc93ef52fe017349fa4449a8832cda80","316,405.5408","No"
"0xae7d74e5fc49067171d795b1c60acd6bb8e37e82","314,414.7248","No"
"0x38097de64fdf83039510fe8ca53ed0103b69c96d","314,313.2793","No"
"0xc69176330b3f580163da4c338bc06a4f161cf3fb","313,407.652","No"
"0xf9d70f741ddec3b0d2507c07578d108f5443a136","313,326.79","No"
"0x1e4d7ce7a04336a6b829bfd80b6751c1b38d13d3","313,129.6668","No"
"0x706b15d9bfb8259f6261211db1d274670196bbfb","312,391.3333","No"
"0x55a8219ba0a9a23f72c8ec231141770dee691ab5","312,182.9649","No"
"0x522b20dcf56d0891d1ebec09066e1fdac8c0418f","311,981.712234401487146797","No"
"0xb1ef2db4956404dd8a57941ce44b3e7906b0d672","311,438.3865","No"
"0xac7f00f03a77bec4a97420bf8a035b3cc9e0d022","310,969.44989699","No"
"0xd5b34afa53831688745638a1979c1bb050f9b8fd","310,826.3333","No"
"0xd1b6ac3d46ba5d7e071c887f99d6b82f0d6b3b47","310,536.6667","No"
"0x88647192a88f88a10de2396429c96a8b03b1fa24","310,528.551842577923480785","No"
"0xca932c6d28c9829821346d30d583ebb8fc27f7eb","310,000.9248","No"
"0xeefadf45ed9b658b2ac67d1a8191aff489073f83","309,961.7703","No"
"0x23cce9608dc64effb481fc33556ca1d09ad587c9","309,955.55602278","No"
"0xa7cd63be4dcb77abc17ab7bfa9b8e861f1510e52","308,634.2629","No"
"0x6f57cef45221a9396c91dd307d805e03e461787a","307,692.3077","No"
"0x29205705a4ee6cd1c5aa9e0987d9db59114c109f","307,500.000055","No"
"0xbfd988be2a5af65efed1aee5a5556d964d3b7087","307,476.15303687","No"
"0xdaabe69c03a8e360430f9ce330527377691c849a","306,318.6389","No"
"0xc3d5b897cf690e2145e03e11b3e4b1bf3d934a34","306,283.293","No"
"0x34e272069e443232c8d80d70694e5b9f3af0fded","305,208.79239149","No"
"0x1280cfea89a214b490c202fa22688813df8d8c04","305,015.169519424225854976","No"
"0xae7c7ccc729e73518890fddcca62124bdda71df8","304,678.7346","No"
"0xd219feb2c7dee298e82a813855592eeed89d595f","304,649.7869","No"
"0xae5cdb999e430e5eadb4dd64449907fca4ebfe88","304,380.663","No"
"0x379fd8deeb0b6715de6c90a30e2bf19f97967c85","302,559.973447","No"
"0x47b3af48780fa5ca8b4c3ba569ff262ce2e85939","302,016.4943","No"
"0xee901ad51a1cafda6971911eff24f3fb7d06eddc","302,003.89","No"
"0xdf464a2644671b1008164665dca592674f623f45","301,259.862584926725150067","No"
"0x31d62ac5c79196cde8531e365364d61a00c5a807","300,893.07","No"
"0x6083e8ec9b22219f3a5c414a98aca000a07b8f69","300,802.1539","No"
"0xa477d0fff224019b20d8433fc1ecab631bbe3f93","300,736.0465","No"
"0x4f810ae510f93dafe588c222e9383c3317cc0f18","300,664.536141","No"
"0x5784624531fac1b7635202b6ee786f3cece2709e","300,020.4191","No"
"0x70758f1a4c3e4e05db1899c395476ca7ad2415b5","300,000.0521","No"
"0xea650a4aeb0077d0bf25e641023f40f73b7b169c","300,000","No"
"0xb43867debba10229bd0fd9b075173780aeb72105","300,000","No"
"0x4ed8d16b441721801df8d82e91a5cb34d548dcf2","300,000","No"
"0x949550c995cf7073b9529d044923155370ab1ee0","300,000","No"
"0x5ef6ff28ac3f7a536810f38b7c2717e91c0d6eef","298,913.643341408016884812","No"
"0x64d1b3f3e70eb25fc43545442ba4700371de506c","298,703.2356","No"
"0xf0aae4b48f04a7957b91cd5ae89a3cd214b243ef","297,888.5766","No"
"0xcdab40799266b2657c6ae12a04913de7b08d7109","296,251.630829292791200561","No"
"0xb591d0b15262ce6047514b287cac04b958d77c4c","296,036.44533606","No"
"0x4806034a663549320540ebf4e13db18b1a4fce9e","295,000","No"
"0x70285df4849ce8fd9f4a565278aa085221c7eea8","294,660.526","No"
"0x362deb1484b83a508bd18f0a0d8624ac98fd974b","293,865.2406","No"
"0xc002c2f1add7666c55da86460c8c030836dce859","293,481.5505","No"
"0xa703ed49255e78b2e41f2e8123d9c669b9015c27","293,413.5867","No"
"0x4e54f86aa93b174acc644980591a8b5ab6b9b307","293,199.52413667","No"
"0xbda4a7bc08df206c84399141f9eb6e5a7d6a1ded","293,165.1332","No"
"0x9e7db0efab088018ccb37fe8e817796c808f42a3","293,133.6981","No"
"0xac264f22f80ca150aacab6b563aeac339046ae2c","293,040.293","No"
"0xda5984b29926738209875248fd8e0fa86620a0cc","292,151.75123215","No"
"0x017eae189dc9531bcd9df07ee426dcf59a54a25e","291,840.9381","No"
"0x4a33deb33fc5ca34e0cdd02da5c38d41dba90b07","291,744.8798","No"
"0x9c80a8081e819d324715fe4e7c7484b939953fb0","291,667.3333","No"
"0x8ec9224b7ef578d1d0cab27fe69d8a3b348e09a9","291,666.6667","No"
"0x76658ae7949199a8fd5fb80d67cd593533e0bf00","291,666.6667","No"
"0xb1a2d4fec644d2efb65f9a7766331be45001d475","291,666.6667","No"
"0x3087bd21c8b6fddba5b73d13393048da982cdd45","291,236.7312","No"
"0x4985f093e91be7487c052d655a742ab4feaf628b","290,455.7449","No"
"0x7d01f172d83f6aa0c6a7eb1ae83b35cecde12f1c","289,851.4851","No"
"0xa55da332628d2d4952aefd45a0d14b988a5c2a75","287,978.90546091","No"
"0x3399d8ac29c6ba1a5709ece3f06177666eab9b5f","287,945.82515934","No"
"0xf9e7e36274398d8d158bfa90d9d6555d01ec97bd","287,404.460197744278743311","No"
"0xfae1d3a2c820ec7ed442f76a558225f04b62e6f1","287,153.7897","No"
"0x36d68e8b6a46f1a4538af4ba29d91d78fd6a4182","286,969.2533","No"
"0x7f24b8082a91cf4f9853e71437a98387a257b69c","286,374.489","No"
"0xf5467121ddd4cfdf1c3e7518ab6517ee37555ab8","285,000","No"
"0xe63eb4131fe0d39f8b21c058fb5f029b8b8f5ab9","283,575","No"
"0xa2b52d4ae17cf86631e6005839fd5301e0c4e705","281,697.3835","No"
"0x6d7e0cf9f518cbe9c838c4b361fb1e9c9866ff58","281,531.0992","No"
"0xea7bfbf65a7c04790146b20bcc74ca338b4971c5","281,198.91","No"
"0xc81e406f667b01545857b841cd36295c208434d1","281,112.669","No"
"0x61bd79676212c8d1861119c41a816e5ec595a61a","280,885.4544545","No"
"0xc3ec69180a2754159c1a39184a4e58d6d0ee386b","280,696.4268","No"
"0x8b83cf9debf93754b89fc18fdc66c47f1791b709","280,412.3711","No"
"0xe8e5015d9991e5578a0072fe1c1fe9afafd287b5","280,000","No"
"0x926190afd079713c5099acd17613ced0fba9f000","278,697.5928","No"
"0x9538889e93b2c27373424d6ca7e1f4e1a45f33d4","278,544.5831","No"
"0xa7d74b896e4498873cb77409c97777e1f3263488","278,367.0204","No"
"0xbc9d2d39e81ee7d2c428e73db6be756f8651a73b","277,854.5914","No"
"0x3281299f04277fd14442bda793c4ccc275fc6fd5","277,450.9804","No"
"0xec360fb6e1e94cfa2cd4ffe5b1eac795a3f94186","276,818.192797635868047106","No"
"0x21644d0bd9da17d32a16bab11fc1dd15d13dbe02","276,437.6517","No"
"0x23926beef221cd02c09984599bd386f126e104fe","275,709.3787","No"
"0xc35645236d74338e40aafcb61b2ef1791e7d281b","275,349.94288316","No"
"0xba113c026ea62fb5b4c034afc1d57fa02a3f18bc","275,098.7517","No"
"0xc2e862831dbd9c9e79206bdef1c8f3c8ad83e45b","275,063.95","No"
"0xaccf3434760815484b7a102ec3a15ac9070b2a5a","275,000","No"
"0xa0c20933fa9da8136d752e8111a3339e57c066ae","275,000","No"
"0x7797970eee1a3427dd5ac8a3470699830f6d7736","273,653.0367","No"
"0xccbd76d65de54150fe7da1549988c2dcac6e197c","272,320.5082","No"
"0x0caab6291253c477a66fd2cd48bdc4fa140504c5","272,305.7199","No"
"0x7ac203cea99e5679b7b267ad8ca3aece1f101db2","271,864.2658","No"
"0xcc77ec707cdf46bb8efe6d872c77959d97a75849","271,824.531575791254638075","No"
"0x7c6793766f7402e83310893de53d9b15e1c31386","271,719.5833","No"
"0xa0b1b0065768448463014dcbdca93d946aeb4cb8","271,167.9746","No"
"0xa259cc81aca99818a82badddd178f80725618343","270,876.12329487","No"
"0x47d0f20e22fa3d05a9cdb2c06f489c9989553048","270,844.63335277","No"
"0x892dec29fd2cf66839536984167f3611d2ac4408","270,647.71","No"
"0x272f471bcdf7ffd6df0b388333d4760c39a99cac","269,988","No"
"0xd445e58bc14959e0845e692172298102ddac1c45","269,653.2564","No"
"0x4f30c1282df7833b95f294033302d830c01e1337","269,653.2564","No"
"0xf8e51969f40599281699d5a7952317bb2082abcc","268,917.49743498270973226","No"
"0x6e7978dea681f867a1ac9f6ecd602e46d75bd655","268,903.458816162628677547","No"
"0x90f42e90ccbe64f437f21bc653fd275cc45bb0b7","268,224.13","No"
"0xe01ec183fdd4452afe909fa9ad6124e740b57062","268,003.01057209","No"
"0x79c34141163fd4fb55fd6f8e0c97108772e979f9","267,870.049402806455669103","No"
"0x2e5364932e1ab518055986e8525fd5e511449983","266,583.72950637579197064","No"
"0x236581938a81466dd30a00861e9e9deca6a401aa","265,950.7494","No"
"0x86f00c485e7443aaefedf597df4044bb2f39bd5e","265,765.9231","No"
"0xda297b700a85e550226682c8cfa206678629077f","264,658.2","No"
"0x387552557f26e556623691874272d37abca726eb","263,814.5464","No"
"0x3a382989eeef92a4b70eca247dfe40fc0d2317eb","262,524.482","No"
"0xc17e3cf84c657266fe87744c754dd07cc3f3f897","262,409.6249","No"
"0x392f44f764a33f2e10b0b9cc415a5cded6a39641","261,686.2915","No"
"0xcf6f83103817439542e95d4320464f369323d47f","261,539.11938194","No"
"0xcc98b41136cfab7ce4b694b15126bccca6cd9ba6","261,150","No"
"0xa049f0d9c8d3e8a159a51d96292df853711c5ba7","260,911.9337","No"
"0x58740292f8a3e20ea92ec4df89b088451e3688da","260,573.26787073","No"
"0xd69daa3b31dd6addb215cca7484965079ef22544","260,498.4927","No"
"0x64895b198ee93c77d1145519ef5ecadefd05900b","259,978","No"
"0x85c130d840d035f4ab2a64bb9c2095d9b74de6d8","259,864.6368","No"
"0x653848ffbf48410c8413c4320d77c2ec3e7a4089","259,040","No"
"0x5ca32c6013abfe48d676be63c257369f77f60c4f","258,012.5138","No"
"0x20288c3c49af1a4b3915d9e1073ffb9efe362158","257,367.5144","No"
"0x1855735408845b62bfc1038f8ec55079920fe8c3","257,335.909","No"
"0x79aa1f952cbfeb6c71ceb0d58fbb6883048c8c77","257,031.5158","No"
"0xde497b62aa7c7eac18ab02075a7658d32efe1bac","257,000","No"
"0xc78d69c06e224a2fc824e3fe847d7b42e79c22a3","254,966.3837","No"
"0xf58db30d7d6bd6b9884a62580581546ee3173789","254,175.72826413","No"
"0x3fd63bdc4cd5b892cac1bb292895a88c53e91ccb","254,155.3966","No"
"0x65ebe89c24dcc9e91a46a05f9ad2b4557ce9c683","254,016","No"
"0x6cf201204ef2a13c6af9123fdf3598b5d1d2e290","253,372.0833","No"
"0xcd1b928e64bae985b9df5c59f0dad68cd3542db9","252,988.996927716155686864","No"
"0xe53f8cdd7b65b0cd9ddf79546c99a82688d58b2e","252,614.99556733","No"
"0xf24741b677a746a2a7be75538dbf6c057db23234","251,227.00614033","No"
"0x51e852a7b25d51b54876ec9389b5fefafa41e6a2","250,375.86338037","No"
"0x3e500cec1d29dddb26dc1602dc499c76ca789269","250,000","No"
"0xd77e599d679d29f80385f8108689e78b96f92432","250,000","No"
"0xee7a9142c47fc495840b626b03cca80478b954d0","249,571.7855","No"
"0xdead1c38825402522aee635b3b80eae8b3f1469e","249,363.174785636337659526","No"
"0x2419826dd26363d3b66c27ae5fd88440c7851bc9","249,032.1433","No"
"0xe19160a880b9c76793b327238fccbde48e539baa","248,684.2775","No"
"0x3d91af26d85e7ad500a5339a4a2de80f8047715c","248,555.4944","No"
"0xd417d63db505e4a78c8112ffe1052318425f2a3d","248,503.707598522030474995","No"
"0xcc7cc823095494b4e4f2a0cb68aad200373409fa","248,465.6497","No"
"0xfe7a15e9b14ff162ed1c60a694fe82460f173d1e","248,292.0196","No"
"0x6ce14122fb481cef92f93e1071b73445cedd8ae4","248,000","No"
"0x9b1866a7d7e5d74e126055b86625c1db6da0e048","248,000","No"
"0x0882d460743547c2d1e0f20eb42a10f41a909c91","247,990.7832","No"
"0x963310f898e1c759f6c7ce2f7ff6d1bc6618d0c6","247,857.64","No"
"0x8dd0cbc5a9a58395c936a640ad421a34cf4cbb9e","247,843.7111","No"
"0x7f88d119c43a691f7a834030999a2e1f8875b07f","247,805.4182","No"
"0x255f7481985a8ed629f0989f44c9118a3d62bd0e","247,226.479","No"
"0x061ad939cbd35609635abeb16b717c9d348cf73c","247,077.406","No"
"0xda2e61729cf4c038fa6798d03b5c4adcd54ed783","246,854.55552077","No"
"0xda6d103ea101c8dd7f7c42d77771407f7e02357b","246,592.717286281473078084","No"
"0xd813d8bca0d8e387b449ce2bae8a84bf8333f67c","246,576.3333","No"
"0xb84822ff3e8f0f2eba44fbf2c1cafaad1013b032","244,629.0914351","No"
"0x4de77c3d04a6d0d1ad7119367d26ca384f685d8a","244,222.19592427","No"
"0xffd56c524fc73c0bef1487e4589617d0df02815c","244,088.194299699647438292","No"
"0x9c58e14490a743a55a2f4a0c91a1e723de842fd9","242,859.6203","No"
"0x0f882b28c9613047dee630313e3c6a7ce50b5317","240,706.4145","No"
"0xa27b7a98b968c4898824ac983e715f7ae155387e","240,665.9167","No"
"0x2dbac23d9bbd51aac64e2bbd47593ebe235d01ff","240,606.0589","No"
"0xe3157ee403d6bc20a7eaec4341fc42dafed1e924","239,818.548387096748553921","No"
"0xf50c697b38d449f374e3983a871d58f19ea44e0f","236,229.0848","No"
"0x8e33058fdad219cc3ffbdc168ba44ffe2b8e69d8","235,621.0223","No"
"0x1c66b28146620b19e0b729d3ff3930a2ea467e4b","235,271.731","No"
"0x5187fd6de92bd344dc0f3c9fd24ad79a03d28816","235,155.12198437","No"
"0x75e3d64fc538ffe9d8e169025ca0ca184cbbff40","233,703.04080347","No"
"0x6c522c94c3f5b213ccf3298e03d5c947b760a2cb","233,570.8968","No"
"0x7168036cecbd6daa3e2a0de42283365958970b2f","232,309.75634974150308013","No"
"0xb074f135c6e9211e8a364f5ac8e09030b89dc23f","231,606","No"
"0xf5738fa257c3cfa0bf5d2037507c34857dcd68e4","230,756.7253337301","No"
"0x3e9e2716d27bcaba7a419d029956cecb4acb48ef","230,505.503","No"
"0xcb9e5378b29c5084c823b6999a1567e8fbda6ff5","230,475.6943","No"
"0x49551844d75b6bf11d979b0dbb3bb82523742e96","230,465.4012","No"
"0xb9799ba09674166ef31ed336abefec34d83a7b09","229,642.7932","No"
"0x547d39535db43a05da857be1d900de890a094454","229,516.833","No"
"0xf303e66254b71983a0ca62fb50484dfef8f8f06c","228,103","No"
"0x276c80d1b6dcc0f8e478f2ba3aabf49e0ad86f59","226,883.82844267","No"
"0xabf64bf00c2f198c9aa416c0c2d0db94430c3ea8","226,649.0254","No"
"0x442e65881156d34f65aa6e36a69c0b9dc49e51bd","226,306.2744","No"
"0x24596850d3d9536f5e07f799321f58bb03d62781","224,489.667196006023455838","No"
"0x749c5ade0afb45fbe0d3ab18a657ab0e14e9e3ff","224,418.471","No"
"0xc55cf95d39553845d3e4bb80eb34e9fc3876eea8","223,123.755","No"
"0x53d206978f716ad9504e0e706d87dafbc20fa165","223,016.58","No"
"0x4709f41fcf87f5fbff83d00993fc8c332fd3dd9b","222,508.169280878460985008","No"
"0xf5def19351f7d052ac5363466748c96d854eee29","222,170.84","No"
"0x16f3c40e06f613b8cd2fa9857c2ff0c0ef59bdd6","221,895.23775741","No"
"0x29b4fb3a3cfe4a72b95805a76eeaf32593e4b0b8","221,754.3333","No"
"0x40dc80a7e129692578a0e55d506bcfb001904949","221,563","No"
"0x0350f2fdcbc51b23060d2fed572b50501bbd7b07","221,066.4669","No"
"0x3a4c1f8d1614fb23b7ad9f005ee76c665ab869d6","221,004.75","No"
"0x7ecb8e6cb8f6eb0ad9525eac1f9a1f5016ca1111","220,611.50112455","No"
"0xcc5db004d0c06996716841e1e9095d353e55d2f5","220,087.8367","No"
"0x64fc1e66b7f4cab301d46f965afd6639871d0e30","220,073.18607832","No"
"0xcc0c20c4517de74bf53af717baeeed89516fe205","220,065.05376344","No"
"0xdd2e8338459f07d120c29ce2ec12f3c9d1bf7802","220,000","No"
"0x90e539e804312aaef44a4b4cc0bb7b723e24c07a","220,000","No"
"0xce4de46aa66108e95b22bee96dc41c8e3b36bcca","219,498.8014","No"
"0x0d25752a32258e81cc9fc38de6a511c937459178","219,110.7279","No"
"0xbfe44ed9b3d22f2581c89b9c803f5c9bfe459e7f","218,014.273","No"
"0x65e11967614f1dd7cfda28c17007ef943154ca55","217,363.06265414954587165","No"
"0x99a2c4caaf2467ebcdb8c8f5a7b1fa12f37e1b23","217,037.0711","No"
"0xae0b0c41b6d86e7a03e6747553f459ae46a8d376","216,998.323996","No"
"0xad80b5ce009413ca10534a7b89ff4807de21da18","216,160.058","No"
"0x552a048d37f873000f3dcf14cca307face50f4ec","215,886.23","No"
"0x710d499f03033fe35991d43ff51acb13d7a85eeb","215,224.9555","No"
"0x8e6036cb5e004f0cdd616f756a92b4241a2e5fd0","215,006.4693","No"
"0xe7be2f38230a9f810fa803af1410a1da28445451","214,873.424","No"
"0x4874ce1ffd54a7b7addbb4f986e1ed3ab712a89b","214,713.5882","No"
"0x72dc83812f22e53dbffdb741a338e09cc09a8494","214,629.0062","No"
"0x3e7f4b24a897d1ab5d2c2ea2422bcaea8369c9af","214,108.8602","No"
"0x3327d872c0d5b575f3b8a7ec8069e8f710f91a64","213,777.75588284","No"
"0xe593e8c5958377f1e59bc8fa5dd70ca5b0741a39","213,417.1603","No"
"0x63f2a4cf4748e8a98d673d31d7e495396f9a2eda","213,046.9268","No"
"0x1602501a224cb9c8c864467689e620cd763ddd55","212,365.57761772883842416","No"
"0xa4690b45a9a3009e821445b26bc85228ae12bb84","212,103","No"
"0x9168ac314805b8fd612a0fcdf694a7e16fd2f016","211,659.4247","No"
"0x39c8ebcfa963b93923f2b9e0731f64f86227b54c","211,344.1034","No"
"0x1da302f5ff7a731d488d75632e7e8ec51361057b","210,652.77249099999148909","No"
"0x0320777dbd6195b189b4d5ac8b3aa7bbe00147ae","210,172.09","No"
"0x1e67b849aa14443056226d054a732a1e0bc74957","209,838.649","No"
"0x7fc0a5b1245c2f28acc801eff2161b417ade36d9","209,055.9","No"
"0x6ef38fefd8e4fc7b20a166b00f858eba4ca50f2e","208,995.6805","No"
"0x635aac6d4d1d5fc9b2e54a6b03d77e6290ee2776","208,660.8811","No"
"0xb9124f71c88844a022eab08c2bd2a7209a36a8b6","208,400","No"
"0x0914b0296f0a03938863b5a5221b2dffc98196c9","208,320","No"
"0x48986a1356e1629e6f3c1a2fdbe44a7fdb8e3596","208,186.2745","No"
"0xd65a8ba53e567b35e54b17924eca49b9148c9c2b","208,135.4192","No"
"0xec4d0204ccb9998801e083ab6abd287fa713388c","207,993.4074","No"
"0xfef57e8ef453090be821f8865a23fac13e88079b","207,842.741935483848746732","No"
"0x1f7236b08927469b322089d6b4a9fae759dd0f0b","207,841.216036179799045472","No"
"0x627f284c50fcfef84de6270f9841e6a268fe2116","207,618.5053","No"
"0xed15e947b1e6d1352a3ecef43a0a479fe4010eb2","207,564.32","No"
"0x2129d6491de883fa4ec08ccefc19bc8f4237829b","207,199.6942","No"
"0x87383d575b2754f3abcf4691aa78fd1cb5d87be0","206,890.7207","No"
"0x2e6ffe0ce5de959fe3fe9aebeda842abad92a767","206,758.0484","No"
"0x32bd7f41d0eeb1307d17f1bc686edf71b004add0","206,708.0839","No"
"0xe1eac6838f5dafbc9e2fe4d7212f5c0c188dd223","206,157.7447","No"
"0x6db5c2586ba9c0b4fcd42b6c9c41806e7faedc57","205,812.1908","No"
"0x65f66353aeb59271b57cbb3fc52bb2ac1449eafc","205,540.47","No"
"0xfd69357c1576098fcc75c7b6d96b75c6b973e677","205,492.79850807","No"
"0xd60216ec0d9d9512ff7ac5c7044e91f466343b8c","205,345.4103","No"
"0xe7a910433c023bf836a582c21314cdb693c5e90d","205,217.02816467","No"
"0x87f2045883e14588221a4ac3bb2b1e770507ecd1","204,779.967","No"
"0xd0323e8b8ab70aabb522192c0a707c62ec1cf083","204,503.7013","No"
"0x1c891c0dea5c024c92ec2c2ddbab4b4b38f2321a","204,372.0205","No"
"0x78b8efe487a2edcc9150e05a308daf7972f3a1da","203,765.3102","No"
"0x540df140b04050e2c6ef58802ef140b3e1b45c95","203,705.7278821","No"
"0x16f898c855fcece2017e6a1caa99e71156e79185","203,580.8522","No"
"0x24f2aa098030d6441f571ad8131894af599b8638","203,243.542","No"
"0x885830de174adad1583fffd7a12b3d276aae8dbf","203,204.5435","No"
"0xde5e7c2368b14fa3e441e4c7b566ab1c210ecb48","202,997.6328","No"
"0xa0ed0a70d7bf260aa03027676330a3154cde00d7","202,266.5433","No"
"0xe2f80feda30b5527ba50b96d45ac8490e3914b01","200,916.29023776","No"
"0x4aafd5ea1cca0968926ef4418f32d9fd551ded6b","200,840.610525499441704686","No"
"0x4c712a9ff067f932cce6aadd9b84ccb9af2390c3","200,840.1533","No"
"0x8d6efa8dc275cee8e3805a9ad39b60e242349355","200,724.88","No"
"0x28feefc7afcdc71c5e8e673ceeb8af5f1a8a9500","200,612","No"
"0x25dd0ba7b87a59acadf919a101303b7baf6aae9e","200,157","No"
"0x83dac3bebab12ef4ee6447cc3047cd9a454b9da6","200,000","No"
"0x13f8c9c5d683043ed730f458204cfafe8dc5515c","200,000","No"
"0x5c4d576a0319d926f956ca2019c2f582ab3197a0","200,000","No"
"0x2f6cc60c9b79944c212c7a2bcfa6f5051b2d2d4d","200,000","No"
"0xcb7de6c049ed239bf7ca4c90df97aa8135c39b0a","199,881.7269","No"
"0x13cd99cc84e29e8e55fa83791395e064e501c4cd","199,712.3333","No"
"0xff4f31887b447f9bd7be426d710427d31632d18e","199,123.8941","No"
"0xe483fd6ba1a0499390b24f8a8cbb7fa76b346bcd","198,468.207704225952069847","No"
"0x01cf200e7503356c894ff19d45d7979e16b4b9ec","198,000","No"
"0xaa351f24bf80737df8abdb4a349e05a823ff8b71","198,000","No"
"0x191de1ad89b465a21d73ab2a70b8e0f713b16df3","197,863.29863313","No"
"0x8a6df6b51a1ddf355e43401a63d0af334e1317c5","197,835.1771","No"
"0x2aa0522eb593f8ffc36772cdd00f2c18608572e4","197,679.9637","No"
"0x0d17106a476312f67be078c0e284989d450d7f49","195,790.5417","No"
"0xf21b3e04f1d7189a88bc8c3b41575d877392d5ad","195,786.39403164","No"
"0xaba4aa7f64c2571019556e36d73fd7d2832a9d5b","195,626.082","No"
"0xa94b8e569816da7f9437ba6e600872a36a468040","195,000","No"
"0x8c26abed03e36ea9551786ba0067e465f0cec8af","194,600.4991","No"
"0x2087aa97d7dfc63792bdffd47163fc3f5058abf1","194,401.255364391056640803","No"
"0xf2cc6804f5131583fb2d7175b7900af9e03aa9b4","193,872.4161","No"
"0x5112a6320c6c35730decaa608d102bc252676ef4","193,217.6745","No"
"0x9ef680328543419ff3fa1eb3b2b01fa2199444c9","193,000","No"
"0x3901dfb7e27816af3af604efbaecda1c24a0676c","192,067.1803","No"
"0x11c7d418237613d1475597b3037ab61f2ec2db50","191,853.8333","No"
"0xfe60a636c1eb155d040414fd14b0f05b051c7815","191,666.6667","No"
"0xa8248a84aecdc78696fdded0602da7914773dbbc","191,666.6667","No"
"0xc9396046b5229d82a4cdb70273bb3d73b7d31f6b","191,496.22919382","No"
"0xf4112b53d671513bfa279e122ce2ed741b9bd054","190,500.7802","No"
"0xa6e5cecaff345118eaf30543fc63c88ff7d54e2e","190,363.868341729247429454","No"
"0xd912f1152ce59c6e7fda751e3620c7341505858b","190,347.34","No"
"0x6125aa396562b1982970bd74578cf7256ac1849f","190,000","No"
"0xaa9f97b8a1de04a79fd444fd1cb2b0310e9aacf2","189,946.23","No"
"0x25a234cd3915165a906ac0529a39f6614d771a1b","189,940.8382","No"
"0x0b0d61c27757df2c7808c5f4cc00e1c307bd7f84","189,278.7165","No"
"0xb5a776e504a14db7f8cb2da66e9a0527c0d88cfc","189,029.8224","No"
"0xc5e62cd5beb0bd8d2d0b9b8c4fe82675be4a7597","189,004.6851","No"
"0x502df4c0ab7427b223a417da10d67358089a6248","188,948.8262","No"
"0x53542d6f7179b800547080127d368ce6e983255c","187,754.7228","No"
"0x9b418ca3c64d8f16f6e2101cf96becd9aa0a61a4","187,279.919613458620915033","No"
"0x5473fb83f59a980f83256786238078307a6dcada","186,381.95587854","No"
"0x538058780ba1d22010a25750797178329ff6d5a7","186,329.5834","No"
"0xe73ac4b757e60dfe3fb544a9c7ab8926960c4731","185,782.7553","No"
"0x68bef0441d157c86a198b73a65b9e2d43d047510","185,600.71242048","No"
"0x408ab7413fec9a15356776830099f5353303473b","184,704.22378953819716678","No"
"0x747dceca4945f74071c47d8a1b58b93910f81648","184,528.8644139764","No"
"0xe485b0d4eaa5df64dbc1e32f7d04e7bbaf9cdcab","184,204.8706","No"
"0x705d62181651050e19a2dc7fa3ccffbee9c93581","184,200.3544","No"
"0xa1cf03457a243295faf7170505e9d6c323ed7103","183,858","No"
"0x3e5c1243485ea9fe13b392e57fdf3232f4f5cd48","183,382.2432","No"
"0x454a0f576af68221d7362134010861c6025e613c","183,318.575526958262075496","No"
"0x31b69f0b2c01c11568f4e1d44bf1328186da1c51","183,318.318","No"
"0x1d1cdbef194b64e6b7747612f3e3de3072dcb5b0","183,279.9647","No"
"0x4552780be274458a6a2f42612888e880aa92626d","181,890.1938","No"
"0x219ec98ebda3675085bdeb924c86a69f71e87291","181,412.289","No"
"0x090451885babf6e7730a80f71ed72d36aab9cc4b","180,698.9352","No"
"0x6e7e6d9ffb06185e4c7f0c57d7da07eac46644b1","180,225.3925","No"
"0x77bdb14a4347c0f3a78d8cd054b29109f4f36d61","180,075.3144","No"
"0xc46147e76cb63f6b6679343f9251bb8de67dfc97","179,992","No"
"0x59976ac2c8b1f98d76ae388b11821540e8aae9ec","178,908.9564","No"
"0x5943b3705f23c4da91461e250c2862edccb46513","178,745.7106","No"
"0x98195629df18f2b6e1d9044d2c16a064d840b9fc","177,409.23124808","No"
"0x78f14f093db4a46200232f08379abac46a3f1e9f","177,388.3258","No"
"0xbc5bbdc2a88aea39e0a6341b5fc63b5f474c62d8","177,041.3871","No"
"0x5569488d4493a19e694e7cd161d2edcb1e7aa2c7","177,000","No"
"0x7bf564816eb47cc45d2ce71a5268ea136c27e6fd","176,622.1736","No"
"0xa0c68c638235ee32657e8f720a23cec1bfc77c77","176,225.7963","No"
"0x4798be6efc9c1b2d1b94b29b046e283510eebdf7","176,146.3908","No"
"0x0ed978a2bd72865375c977b689c95a56dfe4ecc3","175,000","No"
"0x749a52a2af6cd7c1ebe80fb802489d0f387cd4d0","175,000","No"
"0xb878f070525a7f9c623016a472191c7ad769a6f3","174,706.25","No"
"0xbee660176b519a35f259f5982bd17b003a1fd7ab","174,529.6","No"
"0xcfb56a27ed1bd9dfed3fea7f492f6dc63647d6a6","174,177.487479776960485844","No"
"0x3986fbbe0933130b7eb29aff28f23dbd68d86777","173,893.2","No"
"0x8df5b4b4473e1014ae28266ce817be6c33887171","173,062.7775","No"
"0x632d47e5503f2be1470218b27724ddf7d34ac53b","172,955","No"
"0x013d2e4557e355707bc33ff6f759e57c042b1919","172,196.36358125","No"
"0x8f203b83c55810a890479df5055c41031c341ce0","172,065.1742907","No"
"0xa9bc40bab15c2d5187d45a37827f6e43c8d31c62","171,825.567","No"
"0x4ce61f06c994da7df7c67991886ee1ba6e28ec6b","171,788.02213853","No"
"0x35fd568c740a86330b13a2759d8e30f26bd69c96","171,161.94","No"
"0x8e9ae202b01a81cedcee6f3be509e31a30cab2b0","171,000","No"
"0xafe078652ae103370945eac2ab35f47e7420b911","170,197.53368892","No"
"0x253ff8d3b639243e2c9c4a36a4c461aa7fc5fe0d","168,863.225","No"
"0xc6983be301af8d749efbbfc4848f6d06a97ca315","168,655.488","No"
"0x0656bf13f224c6f78ca652dedf64734b7c060b7c","168,511.3333","No"
"0xd983007e9d1c104a1c30c0f4ea0e524dcb31eeda","168,455.65316934","No"
"0x4db82f0dc7e3d910d4c68fb144b901a59371c3b6","168,295.945","No"
"0x25698fd4fc4386c0817fe685b006e26075ca5498","168,046.28190613","No"
"0x7989541f00be2d660183914c7f3b917961d0871f","167,953.88","No"
"0x7830c87c02e56aff27fa8ab1241711331fa86f43","167,753.1856","No"
"0xfcdbb9dc80a1ecde66da00b0b60363fa98114aeb","167,339.29161444","No"
"0xcf7b3aaa7dfc143295da58734f05af099afb9b9a","167,208.7257","No"
"0x86ce428fcc9d6a46baa06d9b6b2fdcabd99708e5","167,009.31294901","No"
"0x4abea94b740dcd2896192a5ea869dff7a6b63098","166,656.1343","No"
"0xb90215ce0726423e8d51f208644eb8ab1dcd960a","166,102.1658","No"
"0x29488e5fd6bf9b3cc98a9d06a25204947cccbe4d","165,463.33499974775","No"
"0xd336b58cd1468304b65d9bbfacb0b06d6ce751a2","165,140.9784","No"
"0xa1182b833323d22f87926aa0570aebf1c8f4bc57","165,025","No"
"0x3bc852fcbcbc8093e613860ae8285260ed9bee83","163,143.0876802","No"
"0xb66a0080dea588c9e0dacf3b5c1231ff6328980a","162,698.2871","No"
"0x3d8832d9b58757d402ee3b3aa18645b45e309965","162,543.671871593404339978","No"
"0x96e587b0ba8388fe9a32c91e74ed665305163c11","162,368.89818497","No"
"0x7d58ece07b1977875f40403bd707dce7192d081b","162,346.3521","No"
"0xaeb6cf2d9f04aa154af8ba20a5c8059edd182c42","161,693.9565","No"
"0x9d08924da16243e2fc348fbb71311d10cdcee7a6","160,988.098","No"
"0xfd9cf0c695b17a89a887efc58a12863266318bb9","160,855.1663","No"
"0x09210531c7f0aecbdd16e1e4027996685a746b6c","160,054.4043","No"
"0xd8a9d4fba8f218208d8ac589f7d08780d46b9312","160,000","No"
"0xadb91a2ba3bf2b97eab698d9e4d3cf4d28fddfb2","160,000","No"
"0x44c68bf69f827879c26fd0b25ba707d1fdec0409","159,274.5615","No"
"0x7e9098698956b2be3e9c5905e4d1d263ab59491c","159,132.852","No"
"0x149f8b0ff7784d1a40cce427b0ffd8d707426878","158,818","No"
"0x33f77f4fa4329956be58fd5489146ed4f31f70cb","157,792.3","No"
"0xff4244534a7602decb0282b7b8ca7c4eae8d702e","157,565.3443","No"
"0xe160c8d065a5b1c403be1d696a4c42733c58b38a","156,356.27425524","No"
"0x2bd4a1b23ffd4433b44d24fa5119fd14f3331b41","155,515.3363","No"
"0xa46a319451664ed9a062675586f1bb583b9c8c49","155,447.94695824","No"
"0x455ade386216fcb9bb330bac3ae86ea838d4346e","155,268.3333","No"
"0xf3e2de976ca9ff28457d25a49760ba7d4f99eb12","155,268.3333","No"
"0x95c8472c7aff2bc07ac7f6639f4fdf71a51b5588","155,000.2549","No"
"0x622fb773299b99ccfaff8bf24169e70fe16477ee","154,876.18450561","No"
"0xf07b14028d39f938cdfc38ffb9705f9c83e342ba","154,809","No"
"0x7d135a17df620db150c1b8009250b3ab1a4e5a8f","154,460.7843","No"
"0xa45af6f9f84f3efad9578d1e6e38b2b92f11614e","154,449.58445514","No"
"0x5681ada1828be9830b754ae81ec6a89715421bda","154,278.27199281","No"
"0xf1ab132be9f987936b6fca4a89db745b4af7bdaf","154,193.0039","No"
"0xe3449d258f1aad34b3c65f7d2c85333236970d56","153,354.86162037","No"
"0x92bc91249c9c2dc344a1cc9611787691f55d41e2","153,281.64","No"
"0x8d4e25252747774e3b72f802d8d651ee9f120c09","152,473.0796","No"
"0xea631ed02b5f5c8bfd3a38ac8a0fec78a77d64e9","152,123","No"
"0xf134a640f1275fc636a3f32a810c5013e632e16b","152,123","No"
"0xebac02414eceddde723306b6e8e8f6a820414608","152,012.383519301189864312","No"
"0x26861b57a6069f2627b8f1ecf6ca095faa321378","151,813.56692978","No"
"0x7b5ecc19da77047262ed6e5100c609cbe2198a8d","151,667","No"
"0x9008d19f58aabd9ed0d60971565aa8510560ab41","151,447.693186394823763286","No"
"0x03d3f44437e37fea9042454626654037d23af9cb","150,491.4512","No"
"0xf906f7844df9a6bcb03b36eb97eab1a0b2e5bc4f","150,404.3566","No"
"0x962a774129294c3394dc65121f73a26005d1aab2","150,226.2659","No"
"0xbbfe7747f5f7c30f813013297b2bb74d1edfe362","150,000","No"
"0xd0e2b412942cf84c8a6f51fc6f8ed613b6a24520","150,000","No"
"0xad437a9c035f011c0799dffbe0800261441b27da","150,000","No"
"0xf06c53829bd4087e5e21dd4b0f98a62f0cfdc1ff","150,000","No"
"0x4cadb6e5326080aedacf9fb2670fedce0322aa25","150,000","No"
"0xe832a020eb0929ca3d9e1944626bbcca3ea38883","150,000","No"
"0x99041cef3cf5828a325f91fec6f36c0b0407134d","150,000","No"
"0x11b68274285b1216779bdef34abb8e2df65e5261","150,000","No"
"0x0c373ee9f476c7aa98f391a795194cd35ba06e91","150,000","No"
"0xbe43111dcc5ce2a7cc781d0805bc38634373b933","150,000","No"
"0x1c84b68c56f358210fce9729da0205e424df5921","150,000","No"
"0xc0822f28ec8faecca52b90cb05204b0af535f466","150,000","No"
"0x3b27da2147e82df01af28243e67a684794ce0268","149,748.913488136624715669","No"
"0x013556b8b9300e70ee2dbb3365f67a81f1d171b8","149,643.404531843776310436","No"
"0xab7f0c5c0db49c84fc3939ea7b22a6caeec64ff3","149,537.4359","No"
"0x0a67041f3784484016ac3e1bf9750deeb953f21a","149,522.8311","No"
"0xc2f642868d302622444c2c752a5efe4009e6be72","149,451.743004026037505623","No"
"0xb53464125aea7e70303673ed3d1d9b6b10f36a10","148,114.58","No"
"0xf56ea4c0cd284850abb167c47dd60e137caa681e","148,020.281","No"
"0x0a1af8539ce2bd151a5c9d72b1e58d3b58ac78be","147,958.00647912","No"
"0x028396bcbba291b388fb87d4152be8d3f5252e23","147,686","No"
"0xf504bcc0a6aea63a233a84799741b763775405af","147,556.7255","No"
"0xedebd5bbc50d33c59fa844fd233c2cca0a82b656","147,409.1822","No"
"0x28429a4666b57177f6d420464e1135e8a2db31f3","146,946.870431493763039875","No"
"0x0b03b784c18ce58fca13cc9de36a7ae328f430c8","145,350.1686","No"
"0xeb2937facb147d89d2d5cf4280fca6d1c0992f4d","144,658.2533","No"
"0xacc36a3fd4606c3af224396187e5547c8819dff0","143,846.02080431","No"
"0x32417685a22cbcd65757ea5efcf5418437741d58","143,814.4497","No"
"0xeb9286e42cd9766d53e160f9a8d599ba0f34d03e","143,742.757","No"
"0x31733b27b183b308d250a0ec59d88f8141884d1d","143,636.440516954458941163","No"
"0xf4ef1de88a090acf13d686fe14069beeac5c8886","143,378.25896443","No"
"0x6ed3f6d91522f74870678bbd91b6df4f857d91df","143,204.3212","No"
"0x89530f3166b29db887bcd20705775c97d2791b68","142,480.25196390963","No"
"0x32a8c63769dfb0bb5e166ad8e7f65d302f577e41","142,290.5797895","No"
"0xe19582bffc803b0fdfd040c96d88556ed0ba3595","141,918.9198","No"
"0xf3917339d3c1a50b248b314ce44c85ab20edc880","141,576.3333","No"
"0x18cb3cedfc3286feb1d2c0b7614e57e8d363b258","141,112.5811","No"
"0xd7c848ff43818c0460f2b94fa319fd45d9f0cc04","141,039.853385005462411644","No"
"0x6ef09a59a4293dfd8b5e56e6007de26c3a38373f","141,003.3333","No"
"0xa978bf98df2aefe60a1a0985e192d1bc9275fc6e","139,960.107592499993979569","No"
"0x3328ea84c1d6d2fc79086e7f724bbf46c2d9210b","139,662.9181","No"
"0xc51e8b6ac119e31416434b5f26ef2d5338f8574b","139,543.03937624","No"
"0xca1dee7efac195dcbd2d27b2c7fa5508b7890a93","138,415.69","No"
"0x7e28fa692b8615101814b11034b3b08299656a9e","137,580.61","No"
"0xc802e6b22370844bc9b58765a80111f3a2672798","137,533.0351","No"
"0x2a8ac92b0ff3307b1eab386aa4fe8cfb078366db","137,065.49300382","No"
"0x1b39f687a8f7fc7c21ef3dbebf22f878725a9941","136,702.5687","No"
"0x2fc494e4ab65cc63005508efbfe886cf79a1ff67","136,579.17350213","No"
"0xacf98af36845ec9aeda29feed2907ea287388cf3","135,847.70415","No"
"0x7fd3593ae8f303366d9fd918b703c542d347acab","135,710.7482","No"
"0xd9b44db3503fe727d8ebf37f7b0e39c50a116161","135,000","No"
"0x85aa0340439795bb9b07ac83d424ef52b12f14bf","134,534.47","No"
"0x1bf85e6dde4cb9bce84259314d99bf0f0b57583e","134,396.37","No"
"0x0e74172e65b7caad3ff6d6428bbb1399b3f0712e","134,345.0192","No"
"0x0dc867c4bc6f0d7029dcfc013320d479032c9dd2","134,313.7255","No"
"0x7763cbf2613a03f3edb5b79c5faa260bd7b221c5","134,313.7255","No"
"0x617a1042b6771ef2e9bc74f3c4dfc98eefb64875","134,313.7255","No"
"0x5a985baba8d8b538e2894555020041e4811d5713","134,313.7255","No"
"0xb3062150ab4662109a74be7b4b8e2685bb8e38c5","134,166.6667","No"
"0x2235a7ea7b9f9d4038b3bc1a8fc0030988a31857","134,000.0107","No"
"0x32f2afdab2beb17044700a1417e511658934818c","133,604.283429080835188246","No"
"0x239c41a8e4b51517278a2033bd07cd2a242660f9","133,240.555","No"
"0xd3d315aa92ac988d73d873fbc7b05c8d113e7cf5","133,231.3533","No"
"0x615826c0f044402292c1f252c1035ed8764d3bc6","133,190.866","No"
"0x240ef74cb9aa830ef93c22f023202d665eddf889","133,105.88","No"
"0x5c17bb9c09d47039b8b4f9c6de32053921c36d6b","133,019.99891251","No"
"0x03737da28d281b4ea48563597b83f8deda6bce1e","132,627.76233464","No"
"0x1c989639463cfca8a310696b1e3f79ac78dcdc3d","132,592.95478059","No"
"0x56d7c53d720ab0d03354a498e40831f3d2c0f0b1","132,277.5977","No"
"0xebacccd1723952551f06bebf6530fa2b73709b23","131,529.5367","No"
"0xee6830bda21dd7b508d3edefb451b08fbb423a75","131,451.417633111103640988","No"
"0x28ee28db1d61cb61876cd70ea50e26289179fabc","130,528.5825","No"
"0xfd8bead0457a0fe1820c9f3126349438b1498fea","130,491.9031","No"
"0xbb501adbe8bfa53bad4709f32b06c8f1417522a3","130,000","No"
"0xa81b5935f11acd006bbfff61610fa3b6ecb66775","129,909.6667","No"
"0x4051b9c19c52f8ad14754713b329e454de274e20","129,909.6667","No"
"0x48a9cf7fabacaf8cb6d221ab0e8423f57f39c213","129,909.6667","No"
"0x4719f56a2b7d05b932f74dc33ea89065844724d1","129,909.6667","No"
"0x26d09a55a87dc0cdb0679acf736be430676996ad","129,664.6312","No"
"0x9710c24cd3742bb8926a52da4747ab1c63e48111","129,601.950719079321287093","No"
"0xacfbff324645cfa43b662e360f66469717be73a5","129,523.794409768882884989","No"
"0x92a0d561834f932e18f0d0f23fa31a7fc415424d","129,511.5651","No"
"0xdc7593942c38fc4edff45d10b5a80aa049fb5d7a","128,827.1587","No"
"0x3c7da77b2aa232a9fcf664c1065230bee6f0d5b8","128,769.1854","No"
"0x5e5f0d09e74a708c491ed6676635c420d45e1c8f","127,972.9788","No"
"0x8ff26b3ffb4fb34b1035be06db9d99f6999b5a66","127,500","No"
"0x38d993494194c69e130fef1aa47d7e2d8b8c0535","126,677.78043767","No"
"0x96355dcdc5d6d00b6b5161d1969c7d88f3d60dcd","126,448.6695","No"
"0xac505bba04795c054360073e649dfec031dd7b82","126,328.0497","No"
"0x9655a535d94eb4fac2b15d18405cfa6f0884856a","125,683.854449808085885571","No"
"0x9cd6a0c452fef92ed6d89ed666596f53f3d31fbe","125,550","No"
"0xeb005e8147c40320d6fa71c5b29362f0f136d2bf","125,446.60946825","No"
"0x6677f54994f9ebeb29ceb58fa1bed01319115430","125,442.8237","No"
"0x5fe05ea7affccffedc9fbfb8690a4c6eb5d5ab2a","125,333.01560051","No"
"0x7e3a256a89583223d3278e0c6916a0ba3c25c750","125,066.033377138223947199","No"
"0x0b8ee5205869c4957db20914fdfe0ffe78b50107","125,000","No"
"0x5e653a389a70f25b83ec6afa5806d0d1fb6e9008","124,728.1901","No"
"0x70bb6c19544a25e4d72573452de7eb7d0cd66f1c","124,549.4978","No"
"0xd6fa74bce7358f034a6fa80c0316d851f6ba7f1e","123,820.2023","No"
"0x7f3c93fc2300cb8ca10a09d57c3a681fe0e6d420","123,779.6667","No"
"0x4d09586b06341e2ff1e0c35f96bc180e73e56645","123,264.1755","No"
"0xe5b8cc5245a8bed73b9101f1dfa0ec0651c3bc64","122,908.928990134828917221","No"
"0x43e77ccb5818a288640cf641f3353ffc34f1ec81","122,833.4722","No"
"0x62421fd6620dd6b3cf0503e4d6c456d309e7121f","122,833.0158","No"
"0xa4aad4750792dd2754a9102811f5ee22fca3200f","122,629","No"
"0x48e0806d0535b61c4ed38a4142440aa54732919a","122,402.4042","No"
"0xdc70b6c1890e9f885a7120256edc15fd9551ba84","122,246.0727","No"
"0xb5ff4ed852a4bf13fea19c3d05a1fd0cf01c4913","122,126.45347153","No"
"0x6de2a22d17d28b662569bc3f28c32335841b2a28","120,902.1864","No"
"0xbabc28be9693aa58af9f68f1b4bd35a411b0ea17","120,100","No"
"0x6ba024cde77108a6afd9081c6409e103e3617da7","120,066.1379","No"
"0x97436099c54e73a6f19e6cfadcc804189eaaf7a4","120,000","No"
"0x9f99d100a938dddbab9935e8ae5e8ae2b3c2181d","120,000","No"
"0xe89cb7f23b77ea5630db920a5ccba28fb90f48f4","120,000","No"
"0xbf05008f54fd72817d167ca8b57a630cead628d8","120,000","No"
"0x4532d4ccaa28b68868eb40ac2ce265f7aa0de8e8","119,995.56097344","No"
"0x3e30877c3f2375669a3a146449186abbaa85d106","119,930.29014049","No"
"0x8b91c618982ce55e18670604c45919fda4740beb","119,816.68586016","No"
"0x4bd1bec1ca81a6089412f71a7fd271e63d6bc4cb","119,751.56","No"
"0xe30823a624eb2099e549388f7e21fc2fa900c242","119,714.7189","No"
"0x53293c9cd4b72d3a6bed92555e16538176b5f675","119,335.3077","No"
"0x9afb3d943b103a700fcb54c46a6b0334100878f8","118,556.45999999","No"
"0x5e7261915d03e712cddf2fa48a10785dad242b27","118,027.201844511454279328","No"
"0x64c6c502c084e3fd5c5e452b558f7fba3546337e","117,753.1412","No"
"0xe79f1ff60acfc895b4aa970cec2ad20d67d58d52","117,188.0476","No"
"0xc4d60bd777acb3178f1fc404e6b2faf3ccc9a1d1","116,832.7436","No"
"0x075c7be2818b6f04758f36fe4a5d0692a3b2cc57","116,666.6667","No"
"0xdbbfc494b709ae470c233fa7966934bc960d1dd6","115,983.47","No"
"0xb4058e7b9ea5c53ee0a8dfa70baf12cfbcd989b9","115,618.15","No"
"0xcd3f0993d71a76dc690dfafe550dabf53b949299","115,263","No"
"0x2b1ed0ee7298dc2fe6c0594b7f752d3999b39d14","115,261.8192","No"
"0xd7c277b63b406d14593fc724567c5a369e0f43c2","115,220.52672908","No"
"0x10409f8f51c23f2d6cd7aa6dfa158e82720a35a1","114,435.5248","No"
"0xfd9846318934fc730f04dad6b0d77ca312888d0b","114,098","No"
"0xeed5c31f8fcf7051b63cc57c5ba8de7fadc62851","114,092.8999","No"
"0x83c366bbe50d5bc20700b0524fcdc83cfa238348","113,973.032","No"
"0x443787d32f60a7946e19711ce8711e9317072bec","113,970.2009","No"
"0xbcb20cbacde4e9555c260a3aea9d48f8c6fb66fe","113,842.10563937","No"
"0x5d69ceff9f11d071fef0613ef2d3ac418f66e988","113,726.5998","No"
"0xddd28cd6c46e56f70c70079d9664b019e54133df","113,221.304591750403601915","No"
"0xd58a6dd1d106770337ddaa24a692eef176aa4878","112,980.08406528","No"
"0xd0b0bb88eb889f733cc604e8c0bcebed1aea9006","112,421.9776","No"
"0xb672de8e5e126b0bf2ec348ce0ffd803eb2b990c","112,196.787143024819120525","No"
"0x662b84dd578449c449700c89952929c2176d636e","112,168.35128256","No"
"0xefc5c90c420f98e892e133f4cd05610d702cdcbd","111,648.08045502","No"
"0xa6c97e0e47e0edd7c855a830b5a939d5b48480cc","110,995.413","No"
"0x1b717d479705876c409a4e98235979ea290b33aa","110,966.7382","No"
"0x86ceda3c400ac4ea583b46bb9429f2a0e49d160a","110,816.4708","No"
"0x884ddeb03b1b7098df83760b9c57bce366a28732","110,705.694","No"
"0xeefb55308a53adae377addd6c6e5e989be885bc9","110,000.40846793","No"
"0xaa0ebae1e12e7638b709bc437f39306172bcf789","109,954.556381870922365429","No"
"0x66ad5b0fd9d03b0b55a5b5a9e2f81d76c1508a44","109,362.07050836","No"
"0xb4ac94195b45a5811f1787f8d2e4205144c88237","109,191","No"
"0x5a68d63b7bfea29f1ff298e361214dc6f0200742","108,775.62464517","No"
"0x18761a639f000d7b13e0327801f88f488bf26ee7","108,153.930882710011798116","No"
"0x89906f552248b9de13208de17b30d8c0ba5019d0","108,037.1628","No"
"0x064c2b60bb38db08246deca56b3dfc581a6ade2f","107,918.9608","No"
"0x594d9dc7d630a681537c92b14145102a710169ea","107,503.5643","No"
"0xc3a21285dad2b959fa1d09b5c1c8b797341324b3","106,576.8894","No"
"0x7dc2a4670276df3e9ee1f0c6c62c4226e6c5fa4d","106,360.1056","No"
"0x587805251619871f7a20072059733431fb03a6a7","106,286.305","No"
"0x540ffdad5f5499b3fef573ba7d7e366d828e8e6a","106,003.03616816","No"
"0x9f8c503245d1ed77089d0aeca30d694387e5eb86","105,903.9405","No"
"0x09e41ecbdb6913de9f48b599a57339e6c1d53fe0","105,833.3333","No"
"0xbeed525a407e59d53f55c3603e7c483ef64c9c21","105,477.92","No"
"0x9db36ea04d5a550aeff61cb1e85eeb429d3e4bc1","105,154.73180221","No"
"0x39ad1f737379f5864345677c2515dbb4fb28c237","105,000","No"
"0x10698d668fbf339b08c0488539262c82f81e4e7f","104,909.6667","No"
"0xd948757e9ac59205170ef0d0c231bd3aa5784ee8","104,909.6667","No"
"0xaab67b5f2272c110bb4671d918f244e8d7587d4a","104,302.0204","No"
"0xe758dfdd824cc29dfb4d0dd8d9cbdc04140ada84","103,764.68714283","No"
"0x6ece89031ac373543d9fc5199e9627d52278acc4","103,615.3852","No"
"0x66ec792e0d36858b44310b48bd9867654bff2e9f","103,284.64657804","No"
"0xfe8dd7446ba6bbddb8b75e02198d38fe3da40fce","103,246.2304","No"
"0xa5c43706c0db534846d1b7e5deebd0a575f66fec","103,092.4569","No"
"0x46f98a0b34cd5726005cacd1579ce6ef23c9e916","102,541.4288","No"
"0x99fa13dcf7cb0868e8f59e626732d38bbd95ca79","102,000","No"
"0x4ab09ded61470799b3c78f757f8fb95151aa1c70","101,994.060062173711502539","No"
"0xa77bd079cb1cc0d9f09cb032ba299745966a449f","101,853.8246","No"
"0xfc410142ca9ae656d2aebfa9c011a019605335a1","101,840.3333","No"
"0x91d5d35d52e84b0f4ddde38bcd1e671339437cd5","101,561.1163","No"
"0x485ac9edc6bf758a170778836115ddff5822181f","101,202.2564","No"
"0x5fbd5e5a3fb50737fea05c8532a7a8e1ed6baaae","101,000","No"
"0xed98f5cebef3f49917b02c695ec9c79d9132d4fb","100,105.394543699991144275","No"
"0x53355f0875609e72e25b719a04e4dfacc9a809eb","100,086.3654","No"
"0x98f3defddea56fa4f745d218e3a8327c593c86a0","100,040.8369","No"
"0x3a2ffdead606e38b092f213eb03be019c7241f94","100,000","No"
"0x5d58c0e7192c3d207d016653891ddc440e1c023e","100,000","No"
"0x761d2bbdfbfc3142f5f8edd402a0fc4f7a81adaf","100,000","No"
"0x91d98811b29c35b4a0ed0fcc9d2fee0c3820a951","100,000","No"
"0x946ef598032d63368e131e43ef57b805cf60d977","100,000","No"
"0x866ff2ee4a304f5b25d202b2ea4278bdb366238b","100,000","No"
"0x8e133b7b3b5ecbf397ea3cc26b6354b3f0164f27","100,000","No"
"0x96afe9149e229b16cac728b78f939e801a4a3b45","100,000","No"
"0x1b466b80875bb914cb48d51370e411403e1fe0d5","100,000","No"
"0x7c2b0b35584837475f45b6771fee2f8d31edfaad","99,975.4219384","No"
"0xe405e22a530d3ea7479eed7a0ce9f5ddc6df7f32","99,544.10893","No"
"0xea629e7888dbfa8255dc62ee508329e69a058288","99,341.876968333794252362","No"
"0xcf777b040ce7a5b652fe7a32f66bd96fd78fc18a","99,090.365699","No"
"0xa0c448b2fedd25534017bad1629ac194e72997f7","99,022.87217292","No"
"0x24a78fd99f51a6a94b58e7e2a237df54c015ed88","98,863.1786","No"
"0x33528f347ef82ef3ee2658bba396f653cd3ef2d1","98,150","No"
"0xadf3d8af09145f5dc28a94dd242863e9a0048d53","98,000","No"
"0x8641a628cf1e9ce73a46b2df2a951f957947f953","98,000","No"
"0xd337255f303fda2271ea4685e293fb40880bd8db","98,000","No"
"0x887e8ae754df3ec6232b757b2eff1505f4bf00c8","97,800.992276042456289849","No"
"0xb51237be6fcc22e504fa6a4c62a04292a2f08d1b","97,122.80701754","No"
"0x0cfdcef3f8aac659d681875e0ab9280dff56fd0e","96,862.5743","No"
"0x34aa391fb143a6bce1ae8ed9678559199ecfcfe5","96,331.52110768","No"
"0x29f31473da124ca1a7f0b9ae642134b3731c5712","95,674.22585919","No"
"0xd09290b0cf9fea7b23c9e055918619c4a8b5a44d","95,635.34156","No"
"0xa8c65f7fb183e2fd0ecb39ecd6cf4e8bf0ef11fc","95,153.09878","No"
"0xaa2abced342b0bef6fbf7c3002892ba73a597cf8","94,886.5083","No"
"0x303f7b29d118a97727de7c17ae89352ca0091d44","94,685.100532080722951718","No"
"0x7ab868e1b7d24fedcf987dbedc880a78417a0a94","94,158.26910251200775603","No"
"0x88e7c3f1928fb5993e46b0ab344f934212a3f048","93,478.7234","No"
"0x3110a855333bfb922aecb1b3542ba2fde28d204f","93,129.694517640446569126","No"
"0x62a8f6decc29c1271ce1b8d5d1fe0d507089764e","93,060.97649","No"
"0x36626c679ef76924c9fb38657f7670f53c2eb9d6","92,680","No"
"0x27d3e2536da3673061e4d1956fa66115a38c90a2","92,603","No"
"0x7576751f193bdcfa8d4f52522f7d039f6d26160b","92,305.68","No"
"0xf6fc673f1d19685cfc1fa09b09b9d89480392db0","91,992.71665981","No"
"0x9368610b374b80536cfba2f2d3cd5e06d7549156","91,918.89896037","No"
"0xa861522a1460ad25bbbf79a5b44bd4586268f601","90,799.6","No"
"0x91a1812d05977960d4b34a994e91983794147602","90,796.14","No"
"0x43292439839cb1057edbc08efd82986ac9c94f70","90,271.00332","No"
"0x0b156dedd4f6110bc2894f76dc71f6bd2aa43464","90,167.37232213","No"
"0x1da9e9dae53aad952c3d995dd80e74400ea443dc","89,484.5812","No"
"0xd089ff1ef8d23a78bb428708894f09e2c0f7737c","89,333.106499698121721338","No"
"0x49a6edf8ce35b005ca809eb06af56fff8bdfa076","88,841.0948","No"
"0x8ac9fd9dc10ef9141ddde0d5e44bd3fbe2f65de6","88,409.6311","No"
"0xa4da9cabff12da0341d40bad239c4033e7d3ed46","86,465.1089","No"
"0xb270869b9ef0ff70bc582ddd129aa6aa8818a200","85,984.159035199948051948","No"
"0xaab62df953f3a16879c2b877dcf6e6d7b752d2b7","85,926.59708108","No"
"0xad3b67bca8935cb510c8d18bd45f0b94f54a968f","85,796.475616128395504324","No"
"0xcd7561efb7c87b865945ff241054f5e89faa3428","85,000","No"
"0x5387ae875c1c7d625cdf98d4be64b64bb57d9b87","84,953.09753252","No"
"0x02489eeb8eaf68e37d8478d9e58a813d9223ac5f","84,834.5036","No"
"0x076740f916c28ef9e6f1b2cbe6025021948ecd3b","84,819.3778127","No"
"0xe4f04b28f63bc28a04009dfd8e81fbb56a590a10","84,201.25","No"
"0xde555f06ffb08c0b7b0bec70e52ae2c2401863c9","84,151.644117129623243933","No"
"0x01fcda3cddef3fa7f2f971a1ba6754e353c74667","84,128","No"
"0xab2a52336780f303fa5b027b925d5eccc3df5df2","83,142.804099999998491187","No"
"0xca2daba30ba08e8a38e5c97686da1eac4f882049","83,114.5647","No"
"0xa5f4acfa050edce307ddf27002cf4f516193d54f","82,868.457816298490332071","No"
"0xf458c9bdc7d1cebaed8144c9318b9af9e8c33d70","82,803.21365182","No"
"0xe9705772c5f1a5f22b4d90e3baf1ea70d6bd3319","82,491.270236005580056363","No"
"0xb34224f835a0e3c99e924930561e02010ea68145","82,321.321635125978884074","No"
"0x80a66c2d23e133e86f22f279d326b62a1fb37964","81,862.3483","No"
"0x41e826a9bb4f26207d767a1e7f9251b564d543a2","81,501.125268217703310012","No"
"0x7e62d689fea16ac8f54eb16f7d549427556f98e3","80,781.24160833","No"
"0xa31053e45bf844cf08176ffbfd8eb173ad7a70f5","80,780.72508062978316952","No"
"0x936e18278ede756bdf4c4dc59c53702b811f368a","80,236.41407665","No"
"0x83f241179c082fdad1d496b71bcb9d3b6f905b2c","80,145.4899","No"
"0xa4c03b82c17a936b5aaf807e856bee5b99f5b6cb","80,000","No"
"0xc0a3f4a3a2d01c69832b1fbc099bbfc4182745b9","80,000","No"
"0xae698f5a804b207df1193887b18d5c1d795a49dc","80,000","No"
"0x7338c18ab8b579eae83f7bc2b4069ba04b7be0d5","80,000","No"
"0x7706e60f8e70a06d40f7f21de6da05d923e3f0b2","80,000","No"
"0x02ff159d2abd4ac297d7d9e79e24841d4d7eeb79","79,684.87331337544207123","No"
"0x4d6fa1464b083780973ed0baab317f8f180bfd85","78,000","No"
"0x746453761b2b208b04bf84c335a1534cd6137a48","77,511.5651","No"
"0xbb4c088f410efde0684dac2dbc774241bdd5cf10","76,109.889750747965446253","No"
"0x76beb1ffd45aef8dd5bb3e8104267b14e7de644b","75,745.53753858","No"
"0x2942ad1f154caa4d8c35112b1060a74e52727b45","75,393.92917","No"
"0x1efd538c78d68c6028f8d0e57555645bd2502a7d","75,000.74","No"
"0xe287bcd2a89cc7ac368fd5fec2269cb37b837a6a","75,000","No"
"0x81a596b341df7f6aeea50ed8b69aa0c90ac08e60","75,000","No"
"0xc4eab29952c555032d205f383c9081d9a27387a5","75,000","No"
"0x7f06695a3b8a59320e6e5a8e840bc3195c5cbcbc","75,000","No"
"0x3671b54bb453f0524ae136e6f8f4b9c939418843","75,000","No"
"0x22d9109ddce8ef80b247286c063ecc9b3ba10b5c","75,000","No"
"0x64580ba4993461048c89118a6166250c6884dff0","74,899.57043","No"
"0x3ed406bbadbe605391b61b30d2425cf40a8c6780","74,079.73945877","No"
"0x52dc78e65a59ea94ca38532712fac5355474c51d","74,000","No"
"0xfb83adfa079ca90185925ff59ff0a1365b7f45ef","73,677.52902406","No"
"0xef13101c5bbd737cfb2bf00bbd38c626ad6952f7","73,395.465024322670448077","No"
"0xe1eee7a1bce313ab1d6db8fee010df817e123fc2","73,000.01","No"
"0x1a6e1cea7d830625fd374d8011fa70148ecfeedb","72,594.283722289","No"
"0x6511fb11507b58f84402d474143abe6b5da6eff8","72,589.1367","No"
"0xff0857f79c4f5a719abab6f5c49b96423a41227d","72,104.0366","No"
"0xf475424d591d4dc960dd0a2c5183c0a9115bda71","72,003.3381","No"
"0x2c39f375ee70074feacabc0293f4d89174e13dd2","70,759.6918","No"
"0xe2fc45b88634887546042870ae116a995e4ff213","70,588.23529411764705882","No"
"0xa09afd4f86cb0ac3e838c89a1c03de2c4fbdc742","70,255.5554","No"
"0x1ace48f39fdf27db57ff71abb5a113afd8488edc","69,951.664875014825427806","No"
"0xf426f9507e8dd03eb01ed52eaa1b31af79169d26","68,956.427","No"
"0xea3c2fd444297f2f553fa378ea4d7d30f3f3953c","68,907.95119353","No"
"0xa17bb75c5666c012271b1d3e3cad8cf95ff974f8","68,272.30462831","No"
"0xfe43119cd2349c2ff24ac3a39ecec1fb371fb199","68,000","No"
"0x4b7d2651bf3b3145bcbb85f994c8f33ebb64bb8b","67,478.30706491","No"
"0x4b83e51c27f92bd6db6564858724ae03ef7de373","67,017.131087897458976741","No"
"0x17ad72b4061d77fb91262b9b52577c7cf5eded32","66,712.134","No"
"0x983ab9daa59ea29487e405d5f46c54ac54acc12a","66,694.04572","No"
"0xef77a665cbe78aecc307b3e0c5dcb08639246243","66,613.16","No"
"0xec78dd95b66598b113cc289ced7fe3cdcf7fbb30","65,678.9689","No"
"0xfc1d5e5477ee77e05279baf305cafffa31e26c5c","64,776","No"
"0xb5e20421517c7d51c0b5b1e3a228c0fa16bcc41a","64,677","No"
"0xb59067c952d392f5c45339e78f7b545f40faa6f2","64,262.71","No"
"0x28f1a2e3ce41b999bf3a4ae453b52eb18bef460f","64,000","No"
"0x038edd3cfa786e56f1882bb6239fc01cbc583de8","63,853.39791042","No"
"0x17e0622bd9e63e70721ce5350f50253bfa392e62","63,087.37864077","No"
"0xdd38288dfa4f80ac69006e03ae57504d71648336","63,013.34329607","No"
"0xedaf861c8b10f5bd679941892f1410a765d9e714","62,504.4017","No"
"0x7b115940326953e85467ef3cddc3d99dce995f28","62,361.6375","No"
"0x34bf2e2339e0cdf3954820177125b1e60a79e36b","62,070.72576","No"
"0x4a57987862dee2bac6b0437abbaace8fb7fe6bce","61,276.7864","No"
"0xf4dbf5d61b2f6e24d4068db9adc7312121101f17","60,851.586","No"
"0x136bdba1f43f80b96b4db28a8aa037e3910a1985","60,697.745328941431236547","No"
"0x3fbb2ac0e033baa0757e0216f288a0963f9687e8","60,675.226858251312404461","No"
"0x9768ae4a08e95777cf6f3def650d67192570c21c","60,535.0435","No"
"0xf551d6b0b6db5552555d4ff3a7ce0d8b7821b523","60,054.86593","No"
"0x5e2aa5bc8ed86533f4f4d1f46ea61f09eea8b285","60,049.726822405401879067","No"
"0x226600ee7617fad1f85e40c84ac84921e8dee823","60,000","No"
"0x209e04c975cc6397a68b8fe3f385b197f051e06a","59,149.1571","No"
"0xeefa42b4f5bbe97039957e43e6d1ef4e183026c7","58,866.878256275945674947","No"
"0xaf0a582ae2a2cc61959cdf11e9a819556390525a","58,333.3333","No"
"0xe7ffba9ed5c1eadcc0100a3884fe6873c1bb00c9","58,120.42291935682274678","No"
"0x75d86d831e262952e94d101ff457cc800bad7c98","57,691.66176","No"
"0x0f90ccae4d057755981bf177f6b16fff1f445fca","57,500","No"
"0x8c607a4278c0ee030cf4cd187eee5ca1b90c73f6","57,000","No"
"0x2a9ebe6b1230ab6910b308374f8a0dcda98d399b","56,667.93635269","No"
"0x5d6462e212c7047d7686d2cb62253badb86e3d32","56,515.76432","No"
"0xb839aa586043a731b3aa17fa34ea5190e46da553","56,315.668841037808445171","No"
"0xc49ad4c37dc1d7703bee1c540831fcfb8b8e5710","55,860.9628","No"
"0x1aa744c862b18e2ee9f7728414dca1b1c3c16423","55,490.48","No"
"0xe3af523f4b1a6b14655bfbacbb98fb2ae2bfef40","55,329.28548","No"
"0x1211c3ccf30d28cbba80b348a2e7f842b811fc29","54,478.226865296259130142","No"
"0x8c5ef62cb09e104953fa9d02e34d21138f8112c4","53,879.129638676254720245","No"
"0x4e13569c229ae4af0a5d1e5f7133d7ef1f128f0f","53,507.3743","No"
"0x9f8460d208dbe40dcd8e6ee85cd9fc0258172b1a","53,254.927","No"
"0xb321ec915201f91c8b3f5dc4b0c18e12862f86b1","53,243","No"
"0x05b965800826cf125907851cbc41abb8517a0fea","53,040.349","No"
"0xe1cddb4a6c5683215ce891baafa5d1e8d9c619b0","52,920","No"
"0x3c940a3e64a02b84de4ced6dc147eb048ddf9c23","52,642.02372","No"
"0x3d34d762577f55634782ac3aec37e2c6f8810984","52,580.027705204939964896","No"
"0xee968040cdae2c78fc50b684c8545ccff4c68d0f","52,552.44646864843482049","No"
"0x9d5d5f20403266d8218e2a48a8db8c6f65d3d86e","52,519.04762","No"
"0xf910e738dbadda122de669052474a10316068c28","52,178.3591","No"
"0x1ea114dc1bc6641ffccfdde0e87e1168819f4557","51,663.79309937","No"
"0xf18a9597c4048d9fa64517a774fb323cf03945b2","51,381.885","No"
"0xa044039ec6a95201099ae20dd07abc8beb6e488e","51,356.604223655734364607","No"
"0xbc33b6e778a52d74519d65aaf085d9ec7c71f82c","51,221.189155041082314238","No"
"0x389f0aba1fab029025e64fe5a4832a6b7d48225c","50,915.88132","No"
"0xdc9d621ef5a8a1bc1140566c851a8c802ebad90c","50,649.772663004684567027","No"
"0xc4ba57783adb63b0e964dde278a5c982373478c0","50,500.190016366730197256","No"
"0x37a9548f02d3732fa1d70154473ec496a47b4c58","50,162.221806100950597186","No"
"0xe3669c7e9ca102d8d746cf6d6e3af1f2c3b9b9b9","50,109.0476","No"
"0x8dca6897e2b04ea59eb12d9d1d2ce7a0c03ed498","50,000","No"
"0x6287a87a15d90c96f38cce1cf9508e9a0bf30e8e","50,000","No"
"0x35abbe59aa0a3b461db4ebc2a650aae0f2da321f","50,000","No"
"0x0537a58afc4e5afb375636c432099da13cbfc8df","50,000","No"
"0xab78cbc9f18f846b6f9740095c5e12257ea0ec2c","50,000","No"
"0x37c1d1ee09193045eab032f0dd9dfd2e7fcd6821","50,000","No"
"0x7059f1444a5721acbf6ccfaf3ad3c70ff57a62b3","50,000","No"
"0xd8264c28c6acef6cd96262ade098e535e682c259","50,000","No"
"0x0e2b9d26720326304634a73246e490e797dc6e1e","50,000","No"
"0x9db3c3a5914631924fb4230880f111bda7316107","50,000","No"
"0xd4eb29bc19e770ef4b75d0c0e86e6689563e0a83","50,000","No"
"0x63def7688f5004fac08e8c264a6c470a19e25135","49,590.89744","No"
"0x35a9e051773059e5ae3e90b42061141693095460","49,510.17562","No"
"0xd052ffec2764c2abe3cfb41bf41fc9964e311106","49,506.1","No"
"0xdcb9608edc5920f17df68a40f82d4c6d86942209","49,475","No"
"0x068cfd47ae3e4a96c74b255e02939749434aafba","49,305.97854","No"
"0xf1d830c9e6cbeef4ba4580d1a54da7c4a8b5c367","48,781.662440470208857254","No"
"0x3ef4a97f98b8fdf52c23cdab174e1e91c845ea0c","48,585.43136","No"
"0x7a4943c3ba036b77b9f0707ac3bc79e088e0840f","48,508.05","No"
"0x19d6e5c7a91ad7a059807b781c328b4ccb0b526f","48,484.68956","No"
"0x899fd3d2282ae20bc7ff00dbe62cb8db10b2c64e","48,110.89","No"
"0x9529340a4f1ecd54853555010d02874fe32e46f6","48,023.8258","No"
"0x3350f5813ae71f5f3314c25f435a580bffd5c8ac","48,000","No"
"0x67293c48fe24a3e1e4704cb01428cbd7f4213f53","47,325.32648079153114086","No"
"0xb83d980be38d1a4f968de7a7839aac4eb9ac56f5","47,197.4405","No"
"0x669dbf0429c7b6f9e16899ddb21cb4927059ce39","46,825.6428","No"
"0x5b629a871b68f89c250831bad776d3719579c6cd","46,426.991452842462238296","No"
"0xc689765c6f9bad6cc5c6768ee614dca1554fdf88","46,216.16296","No"
"0x7b9be164c18bea292de7305b4f0faa5c51722fcf","45,847.7273882","No"
"0x6acafd94e1a4348ae82931be77733d2066dd6ba9","45,737.49093178668776102","No"
"0x4cbef752408b662c18f0d995a8238405a10d4b23","45,385.70217","No"
"0x726b00c19e97b8b295043a7623122c43f06c27a3","45,355.2812","No"
"0xda24ea217d7407f23c9144e1beaa2586e72ad575","45,106.6757","No"
"0x0ad11a34008aa1d0a515c6e7ebf0d34b8905f354","45,069.45377619","No"
"0x5e25da4826f78864f971f7b0cf9f593ccfd94758","44,237","No"
"0x8ca31955518788c864a7993c1505fa3edf42dba2","43,898.99407468","No"
"0xbb8f6bc0a9592ac405a04c803052dba81c596cfa","43,391.69500271","No"
"0x14d639180e4f4023fff9c3df2a29cebab04d1d90","43,353.5563","No"
"0x523ddf05497ce726d80421fb0d2a07a9447a0947","42,886.33468063708102816","No"
"0x29553990dce2160ac9cd954aa5b5b6204c09f49a","42,153.86075294","No"
"0xb34634d2b5dd0d2b50599b5d530ca6db823dd6d1","42,000.090051161415814026","No"
"0xc6ce6f385b90bb6752abe58a9a6473c40b4197a7","41,999.188","No"
"0xac981138ded73c3348e5b08c7118c269de27a44d","41,805.956","No"
"0xf53459d9074a374d1bd82cf8503c119e5696c758","40,826.712433910588923729","No"
"0x536632410b78be682d740ebf2b8ad175092bed17","40,710.248","No"
"0xe026c01851b962dcd4db8cc16d071d1a7409ce8f","40,167.676015433866068819","No"
"0x3a22dff06cba8eeb4908c9657cb33b4ff24b39d1","39,954.87838367800954095","No"
"0x2d033eec01dc55dc966dc48d33c376b60da2493b","39,721.0654","No"
"0xfbb5d994e4dc62140809fe1a6fcbd868022c63e4","39,703.69580022","No"
"0x27dff0636b1c6960bbd8b1a5e2c70dea646a003d","39,690.621","No"
"0x912f20ef34e7e9b433bb62edb1cc6bbb80ae62e1","39,117.3055","No"
"0x0f0a9faccb28efcd42f97e0ff46ba667a8e186ba","38,788.501689879398226002","No"
"0xcb72bfa099512c0982eabf0e2add58529702de82","38,763.33333","No"
"0xf7fc832e3e9915b482c40f8b600b326fc041574a","38,728.8789","No"
"0x528c44d6e7f2e0ccd620977186e3999f6e16d5e7","38,538.460258989844629405","No"
"0x56ed64d7ad129638efd017fb82b03b260e42a594","38,108.56004968","No"
"0x8dc50a3bc73adc4a246e32a64df017409ccba3e8","37,518.00060633621087171","No"
"0x965dc72531bc322cab5537d432bb14451cabb30d","37,459.659057909505550618","No"
"0xc4cda44d62c3ad82862be7a34ef92f62b4a9fd55","36,958.126452293577981652","No"
"0xa760fda7a731f2b8c70caac9e11b24aadecebb08","36,476.13894","No"
"0x956288310743a95e634b496013333932db4d1023","36,161.93082","No"
"0x690bf2027156c11b2b268740a83c15da74f260d9","35,000","No"
"0xfacbd3b4956176e4e53c108980b55675791e6fcc","35,000","No"
"0xd8dca9bd3599daf254600d330ac16bcf92f5dee1","35,000","No"
"0x0b53c70bc53c9cb1504844d2b06a551b0054bbe0","34,660.450445697953743846","No"
"0x141ea4bace6e7bd269935100187e0a62611002a7","34,529.61210999","No"
"0xe11d63c0e87a1b25a0fe773e24084ba79578d939","34,529.60737166332830868","No"
"0x17ca5c214d9d08f4df334e2544961df0205923f5","34,526.881456951383179767","No"
"0xf93de9fb07f5762a1e3db9a5c687595111928d77","33,333.33333","No"
"0xf60e77d85effbea93cf9616ae96bc9665f2d0c6f","33,227.27272727","No"
"0xbaf754e1ff3c94b983679f793ef96fafb69bd921","33,071.359495368540167475","No"
"0x37ddef38fd342775de976b02e366dfd244c40765","32,915.26","No"
"0xf0f9a7f27d84563f8481fce628e5a96bdfe223ea","32,810.061758183135688436","No"
"0x05c4fa03bc7630fb3b55633afd31b3036c443fce","32,684.931","No"
"0x896f692af7cf3a24f3532c7626d3521bc2b01e7e","31,766.100345292056","No"
"0x001c90675bb5e65e23932ac88c3e084c43f6b9d8","31,615.5","No"
"0xccc533d0633c11d88e34b1fc296e03d7e5694022","31,111.835880981","No"
"0x5e1caa95e5fd388140987f1c1409c2eb330298b3","31,000","No"
"0x346fbfa4574c4296e398ab813d84072d25a91d06","31,000","No"
"0xd42b68ddf6dbdc11e16417c0a422f96c100866db","30,286.3432","No"
"0x4e226c1bf46d42a8068e5ed0f4f74bbb1c4c1e3b","30,257.741277444589357839","No"
"0x1cb97d402d878f7bb7cfed6f96ef99d1afb31c68","30,235.44717","No"
"0x312a0679236bd77e94abd6f40bf25179f5e13875","30,019.235700748137311669","No"
"0x1800e512c2b6dc93db511f44ab899a4f5a5f12f9","30,000.3025","No"
"0x08cde59594c172df661ea10faff9016ece82d1d3","29,610.06895","No"
"0x1d8e7eb6e99484d09fc41cb08d5769f554752590","29,208.6785","No"
"0xc7df05d12759319432031f7c86cd5a56bbd74c14","28,513.114028824141255991","No"
"0x5c2b04afc8f77d4b72bd55e5f618d6dfb5e22a0d","28,489.458535409521179065","No"
"0x4cee228cfffbda7310f72206f55d9ccd7e7c370f","28,209.973614618152907351","No"
"0x818c58c0ce271405661113517000290dc5f59f49","27,243","No"
"0x4784972f32065c4b4070740388122dc575a3314e","27,218.463230425300297443","No"
"0xab59661887292b905b20339015a8c064d62edc32","27,158.46332885601522936","No"
"0x0e4e58479ef2303d3fc5d7347e056dd3f405802d","26,646.635000804307902064","No"
"0x26ef9e27877fb3730f711b91d2ef1891a66cb313","26,037.116571359119394712","No"
"0x0b7c7d9781034daf6746829cbe5bda4b0e6ff010","25,558","No"
"0x1f2d4aca4f2401a0afc50f9db0a3b07e0119d6b3","25,000.5189","No"
"0xa2863c518e2c0a893e760c79a35d8e744bd73769","25,000","No"
"0xf3bc869659f750c15ed64c45bf1169afa0a82d7f","25,000","No"
"0xfd04be559f105fd72def197229a26c0911e8e0c5","24,999","No"
"0x3fb1ac2346c13b19ae1170669d0fe60928d74786","24,068.78742","No"
"0xa11dbf36073f9aa067fe329e2584f5eeb4f2232a","23,788.5055","No"
"0x75c275a53b82db03d14ba1c426aac3bcd0fcea45","23,784.31373","No"
"0x60a2c2d9ab7de72c6fa563c4f1dabb246552103f","23,401.24","No"
"0x2eb25bc57592fc73e1a89847a0d3e9aab0dd9ef0","23,250","No"
"0x395ff27de8d8a02ed5ffec006254be33bd0195b0","23,133.348","No"
"0xc7baf6607e6fb4a023f1ebe2b2d7680e141677a3","23,082.650227674614211788","No"
"0x2e811936373126d2f6ef6bcac0fc4ccf27b963bc","23,007.3605","No"
"0x409083f7c43d72e5cbd8d75df534e848e7029057","22,960.42831","No"
"0x779487dab4c4c3d281d3d54b5b13b9ac360ff6b6","22,917.616121327672215478","No"
"0xf6a56809ed602d821215a05025b8a5267a32a14e","22,890.47619047","No"
"0x2b3371f4a5fbe51b78e4feb52a11c61cb06a0960","22,857.14285714","No"
"0x0840886967b49279afde4e8db1b9c8aa98a8c050","22,768.01147","No"
"0x7bdb6f67026c99bbccf14fc2bc52156962f25540","22,455.10715","No"
"0xe38c09c91f94381b9fa9e52e129deb8c1725ca60","22,421.215975846932416446","No"
"0x79a9dde54463ecc3570bcb2f57f0f263f4b52955","22,349.92395","No"
"0x1a246aa436daaf4036df397d65da5b9404694c6e","20,719.45572987456","No"
"0x157a4fb24d895966046ed1f9d125f6466fe5cc92","20,349.28","No"
"0x6ce124f0dd5837bb4440491bdf63d56fc2ae452a","20,206.2778","No"
"0xa2b051b165fc7be8ebbb942076113f3e3057e5a2","20,086.03756210177","No"
"0xc922a1fe892b00dc1225c145ba528d3effffd9e4","20,082.11585","No"
"0xe021d0f82cafde48bccd836a1b32f9aef1db328e","20,020","No"
"0x93ed2d8d8414eab0371ae2b571f8a0a25e5c1d39","20,000","No"
"0x0d049d8651a75453a2ae3ba49a562fd1ccd7ceea","20,000","No"
"0x6604bad736fb779f75a9935b3a221530ca8c4722","20,000","No"
"0xac7d68d84f8020c230dbab8754378c4c1e052b5c","20,000","No"
"0xd0b422925dbc1c399f95cc0f5dcde5238c8215b6","20,000","No"
"0xf799d6cf539ba7115adb5a5c9585998650243e1c","19,808.19139","No"
"0xe6f15fad9d96bba2f5971afa5e75e04de6a5b95c","19,179.7047619","No"
"0xf0d318f83f32e60c208749658929d621183f81bc","19,137.14251","No"
"0x005b09c3150d873ee317b8ce62460b3772cf3945","19,023.22318","No"
"0xc8247a27463765284027afbca6e718bdbdb34b7a","18,872.36804466","No"
"0x4f6617a886f0ac951f0898121d03c9b721dcda12","18,738.7418","No"
"0xa6e913553ab9e60d1c78bc95ecf63a9e9e0bf276","17,670","No"
"0xe699847d29babd59775a2672aaa269ba6e4f8332","17,579","No"
"0xf183b907e00af4640fca56de9bcdf8f6e783b412","17,504.6754","No"
"0xa3c46205f97004a4689b38c245400739edca38d6","17,344.290891675855648729","No"
"0x38bd7c16ff6cbe5f696b9dea4378f75f444494a4","17,243","No"
"0x9969e73211a3e43d297837b5b1126976c6d88367","17,100","No"
"0xbe9a7bb7667fb8a0dbbdb152c46a4dd641bbcb01","17,000","No"
"0xf2dfe9732ccff2298c0ddfac96a2551a7b5e72da","16,971.989165718356868232","No"
"0x7a4a07c13d43b31764454ceff2ebd767e06363a1","16,380.32","No"
"0x54b36a91a42049a173bb1d8a150114598a89c41e","16,234.36041528","No"
"0xdd00f2e5d3d27208994dce0ebeadf649a738c612","16,146.137170530997999126","No"
"0xd13977507b45640812309bf468ef21f04b27f90d","15,502.359918483444963791","No"
"0x11a1292eadd14fd21186f539c88556cdd0267cd3","15,483.01248","No"
"0x672d2b75d9cbd8168acf02709266d768c4fb6b23","15,000","No"
"0x339cfeb58aa68774c9436dac1eef8570fce738e9","15,000","No"
"0xad01c20d5886137e056775af56915de824c8fce5","14,812.845014019778782376","No"
"0x518e3558fddeadb87b33b93f596faf493dc44ba6","14,807.2288687773","No"
"0xc9bcd637093bbe4b0142acbd5059a70e327d6d1f","14,793.485","No"
"0x374433f4c517c16fe435cda6bf53b388d612e361","14,000","No"
"0x273045481e05792bcee13309b64f31b70036c7e9","13,892.056640171556487498","No"
"0xe8413dd57d26f620c148170a77ae91cbf28189df","13,243","No"
"0x94b6dcf72ecaae9ce0f2a00188e26f5391993e94","13,243","No"
"0x6a6fa413c501193fb8d7581c5c17ddae931f8844","13,243","No"
"0xbefac74d0d81cf80b386fcf7e1540984c77e0a81","13,243","No"
"0x2a5a65ae17cf031ab6838ecb40b91a82c413947d","13,243","No"
"0x27947908e86f34f8a1364642ea0dee858dde3e5b","13,243","No"
"0xd17a89f1bb2c9cd6d6d8c34e3c847e2e3ddc11d8","12,996.4465","No"
"0xb7f273f465fd167c2ed315a9bd9668411f4ca041","12,973.35","No"
"0x6442feb4c172a32b90cecb63fff15b38b6f594c1","12,257.682436947514529716","No"
"0xeef74c9d40a5eecb50cd285159fe5adb085b5e4a","11,979.27983944463329625","No"
"0xef1b859077f1c603eb0d115ac975df7959e8665f","11,811.284133279583947012","No"
"0xc42894ee511e5e848682cd6b9bb5eb66d50987ae","11,641.76999936285904319","No"
"0xc9d3723ec5a8e45f1d06e25da4d37b20d6911277","11,580","No"
"0x7cc083937fbec1eb336ac2980b70719f6de8ce1c","11,575.913","No"
"0x77ef9f827165304beef0ba846b185ceb0ef8cafd","11,573.595609596787090678","No"
"0xd8c649f1e9299eb3111de56c4956cdd47b09caa8","11,510.765999767603915354","No"
"0x899c0b9d6aa4426f3094adda6446617d941ea9e3","11,482.561471312053571661","No"
"0x8715e302fb71756968e7bedc3871dd843fb95120","11,428.57142857","No"
"0x22824541ee31efdc0f458c27a348c6f598758b37","11,428.57142857","No"
"0x0679d81b7d7eab9a02b451c3232ce046bfe027f0","11,428.57142857","No"
"0xc2e3ad8ec02a5238cb61a4732d359b758b35d41f","11,428.57","No"
"0x9623ad576c502abf99f722ec855a57783dee7ec7","11,282.545227374154095549","No"
"0x3bacda099735d0e6bcbb51e0acc5fedcdbce6104","10,998.606071","No"
"0xbec69260775a99773903cf0aad35df96b3179096","10,839.6175","No"
"0x4130d9c537bb5a6eb47e2f23fbc78f307cab95e1","10,828.669898795159858226","No"
"0xc19de51a9ffdc291e658778c5fbb8ad7152cd0f6","10,402","No"
"0x60d87f18c9911cd3d91b93a20861f4ddfa1abae3","10,160.366929482307383693","No"
"0xbdb5686cea5b8934a007cca3beeaa2c9b74a4965","10,000","No"
"0x62468ffd0bc8d9f6b3eadfb52a1b774fcef7f0d4","10,000","No"
"0x3e8eb6e9aeef4b58d5c16fd1d7f305a674715ed8","10,000","No"
"0x0e4123865554a58b53225f0e5ad5114f70745430","10,000","No"
"0x2ff3c605192d7be6c9f1e44becb65eee5d59513d","10,000","No"
"0xa23bef28b44873ce8aa9d76f8d25b11d86d13dc3","10,000","No"
"0x6dc2c826e21efc3a7d53926489e4e5493995954e","10,000","No"
"0x2517c20e4ac66ac249a12cd2ccf70d52c73779e7","9,995.644175","No"
"0x2cf98a0cf33476810927c184047bae1132404a90","9,995.418977","No"
"0xa263c8ac2235cefc6de5120c4ef42e9c36cb7b91","9,993.277548","No"
"0xdd5b01721a85ad7f748afd37913bc7e0468ce374","9,979.079076","No"
"0xf5e544503aa93732695912611055cbe519fd9b41","9,978.336533","No"
"0x51e2ebec09714ca9b222450662cc4da74a769b10","9,968.721274","No"
"0xc99100572bab06d70cc7d0cfefbee72a2d98f445","9,953.650212","No"
"0xea6c6563da8de530058cc996ddae911b507b1c5e","9,925.755671","No"
"0x6864553f4f268e1d110312b092f4f1c92ae1df88","9,924.382","No"
"0x72f8eea2d1c06991c12cec2e94e99c19d6d6f064","9,913.342811","No"
"0xc09835446324d1eb097d35b24cd0b18bca108aa6","9,876","No"
"0x2838024fca9b48368039d0f5e4fc480fd942f6ca","9,850.374","No"
"0x10af58ae9879ab4c62549ab18e63e4c8aebd2b2e","9,805.9","No"
"0xfb7828204a3c0743c33d21d5b7e0e99a9c8e8ac5","9,805.479","No"
"0x959e43afe559ca3969e826e308772db75fa4c3be","9,805.479","No"
"0x0b81d739da360cc9726db9a6026bd152b620b33e","9,779.599358","No"
"0x3c6a4d70735026450cce6ec7e2c375947d9d6d21","9,716.890846","No"
"0x8c9adc8e17f2b3caab853228448cc2e93cf60943","9,662.285","No"
"0x42efd5968c9bf06a15438cf744a7c41cb96ab871","9,644.282956","No"
"0x2622007f3af0bb2256de2ad519f99636a9ab2ac7","9,641.262","No"
"0x4a48fe0084362f3b027af6170643b098cbc50441","9,638.192284","No"
"0x5c0ba3700da7edfd56b861ea1244ec4273dfc297","9,590.687","No"
"0x2bfbf8381abb0f87eb8d1e2a73c0311091c3d771","9,537.351948235083123079","No"
"0x9797ed0a6955700ec4e2b463e4062ea257a3b1cf","9,518.840022","No"
"0x194214eb23920888b1ef8cd1f589c6ad849ab362","9,485.261488236689733827","No"
"0x06869129a0cc52ea51d7a5c2fa5932c1dca28613","9,477.512899","No"
"0xf76441f715c3ba6d35a09e5d040c8ef8981604df","9,419.049637","No"
"0x02a286fb896f5e3607f027e2d141d4d42612185c","9,284.88059","No"
"0x1271caba4bf23f8fb31f97448605d65ee302ca51","9,036.977130067785296767","No"
"0xae33eda0c4178291d357f5885feea831528c6690","8,907.84036274673","No"
"0x812c478e5b600d54d1c3e53d8a5f70c19eef2769","8,694.575197357514636348","No"
"0xc4ad339a4a8af6340841e9024fb8bbbe64a37526","8,197.453599","No"
"0x8b5da9df6956c3abf7057b6b1827800eab8c9a39","7,855","No"
"0xe88a790e365b9b61e9884c8f35366a56f282c037","7,763.124437004710696251","No"
"0xa4ab0e2884e9ad61a5ab3f5e0748b56afcd1673f","7,535.014291","No"
"0xb206d1f732d5166c894da98a02b6b5abaf5c3a40","7,214.83855572221981","No"
"0xf0ed0aa5806e02bce08627469253a8df9188cd5a","7,000","No"
"0x0457ad035878caeb7bc9777eebe3752d54eef49f","6,895.83","No"
"0xea018d2f7fc76247456f84a00bb8b9e61732e42b","6,781.789213697","No"
"0x9017bbbcd197de55f656b8d42a94ebc60877eaa4","6,680.68466201","No"
"0xfa0a10972bd0650008da7fe6fbab388d0dce59c9","6,507.78","No"
"0xf0ac1c439189515b9deaf7aed549dd7156094437","6,376.100465360584013006","No"
"0x75aaebc95d3f52a47bd43d9714e86f426ccc953c","6,133.282416","No"
"0x54b065c33bcc5c8b8a75145af43a509dcce7904c","5,963.855429537773022276","No"
"0x2517f63bccc49e70cf968924d709a8b8c1402d22","5,825.30675711255","No"
"0xaddf7573051140806dc62c75415b81a72eb50373","5,778.388849748578386452","No"
"0x9a2dd033e49be42b825cb7320c40c30fb8d2373d","5,754.369478089231526064","No"
"0x36da3a0754a9d2f4b67f1c12c66608f906942e8e","5,752.394873587161074074","No"
"0xbf63b90c069b33e1e5f0cfeabd4e64d75a8df012","5,263.157894736842105263","No"
"0x2b46448f6b8ffccf2647251f8f512efb1c7e2a0f","5,210.024710514744036233","No"
"0x7fc1df92927b454f88f02a33ea559d3b579d520a","5,129.83","No"
"0x5bc34cc15fe1a71a8c24e24eb72d2dcb4c7e8871","5,100","No"
"0xcccf0e515790c747d2528eab1cdae1abb084adde","5,043.236657170329417428","No"
"0xfa7e83da5569fff41317cac53ef3e4d0e3f3baa5","5,000","No"
"0x1bf5adbee52b9cc4b22213bf62ddf59d11c4272e","5,000","No"
"0x3a90dab1d6c03af6377e80d6e43a08b8a3784f73","4,992.24761904","No"
"0xd0a7b1657253b62bb9c5072d19de15a2c2bd359e","4,456.19865609","No"
"0x000000fee13a103a10d593b9ae06b3e05f2e7e1c","4,453.279063001918261049","No"
"0xe383a8a57678e411cb041a55011a43214debd49a","4,401.1394567094999849","No"
"0xdd9f24efc84d93deef3c8745c837ab63e80abd27","4,396.320119797824558532","No"
"0x7afa9d836d2fccf172b66622625e56404e465dbd","4,078.32248715628968525","No"
"0x12a8afe34fd177a6de3ee405fd40494535441953","3,708.389875554983195422","No"
"0xcfc0d167c739706b2018217ad6aa0a97498b1386","3,700","No"
"0x7cbae1c6474874f60628e36f1e1165227aedf71f","3,264.535313615753192101","No"
"0xd4fe7f6236a7beba6c7795ec55cc45e57482ecc5","3,218.08041121602724","No"
"0x4a183b7ed67b9e14b3f45abfb2cf44ed22c29e54","2,492.15","No"
"0x8eb1875e6f1b3b6c00826adbd06f386808f30628","2,342.954545454545454545","No"
"0xb26365ad81008bad3df8e91304c41588a5f02c71","2,329.309980177695099587","No"
"0x6c1c420c04f4d563d6588a97693af902b87be5f1","2,292.772159062225128516","No"
"0x2e92f5481c83f5e4d18d625edd01192094437fcb","2,201.885080445548789073","No"
"0xaeab46f5718c5bf2700c4cedcbdeda3c8c668169","2,178.995","No"
"0x61726100ce293d43bad23b0c28e97b9ac3cfbc42","2,092","No"
"0xb793b18b29600e424a08edbf3626391acf5b4a0e","2,008","No"
"0xdd76ba989f07a43ea6571e6d3e2f88c74c7afd63","1,709.343911577869776683","No"
"0xa1deafa3a2b329bd3ec6766f004f77312ca1a5d6","1,600","No"
"0x8bb8f3da93cbbb82f3656c6c2b709e90c22ed533","1,470.588235","No"
"0x53614db8e713d2bf7a6522e9aae4a729ec5dd7ac","1,451.003673","No"
"0xd247699e5415d4fd695a86a0acf2e8bc0be823fc","1,328.463715297757437156","No"
"0x0cb06a3ca0248330b4c88e25020d657e9fd21503","1,100","No"
"0x9fd58f974e90c760fbaf8ccc5cce627c6279829b","1,076.17","No"
"0xf8e554f1ab1a25d5f9634a21104439104053cf4c","1,063.76957034","No"
"0x8befd49e496ebf7df605ab44bfe3d831d8996dfb","1,060.5550414809589909","No"
"0x1d909ead47c606c912bbb0216e93272757ec82ae","1,000","No"
"0xc7bb937c2c2c36d76b2b87b00473ccf126fa16ef","1,000","No"
"0x8e40ba944bf7ffcdd20a7f096634b2a475cc86b9","1,000","No"
"0xbcc854fb39e3f9ef011151c0c741f069bb0f5cf8","960.062329645881784899","No"
"0xb685d963154ee215ffc34bfc5b632de8c34694f0","952.38095238","No"
"0x4b2fa40a93e4e647cb3a14e2a1f05496520ab22a","890.5375","No"
"0x4d5401b9e9dcd7c9097e1df036c3afafc35d604f","775.368081756785441075","No"
"0xc48957365de68578bf326a53374d86288c47525b","764.75898784883182683","No"
"0x58dac20d19fd24a1f674d1fb0e48e4eb5246ee3b","721.13197579","No"
"0xf571f7f5d05d1782d78be1b42840d8ef07bf4a56","575.781818032813189842","No"
"0x317035d0cdfe76c87ae5f938a889df8209e4b3cc","501","No"
"0x586687de89cad50fa1f8b74c94e46abc33604726","500","No"
"0x79f0675551dc4bca7d6c31a3116b84451f045715","500","No"
"0x208b43c3966852eb77087afae24fabdcc623103d","498","No"
"0x136d8afe274273d9c16f4583fa78f9ccf272e5a5","274.654134209184086242","No"
"0x1bbab64b1fb67c739a5e46c21489d0436436d4e8","243","No"
"0xa0810046e1af0c1c9dd69169e8a1ba31f8453dd9","201.5","No"
"0xc3601254bfb3f6378bd44ab03d8dcda79e736612","200","No"
"0xf0878b5295de2b172363b930a3cbf6b2155088f1","199.2","No"
"0x08cacf1f472749592123ccd1a4d8afde7affe72a","176.714518416135991416","No"
"0x6068c04edfe87cb5f9c81ab5781d761e0523b34e","159.903351026000023808","No"
"0x7a9c7bc9f9d599f2079698f8bba805480b654547","156.100025953513853478","No"
"0x0b64213b21403b4c328b66f5f554d8e57b76d902","135.19356768","No"
"0xf96fd591c6169d602ec2497656f000bf37e3f221","113","No"
"0x78277bd4ed1a18db1b32b586e4e822342f7c38f4","102.72458365245","No"
"0x09ed440580da53dd0405784fd04fab7861747387","100","No"
"0xab7586b4c5f61ed9add15a8f4b08c0b52bc647cd","100","No"
"0x9d51722fee0eb07f8ca822ce18457668548a5db1","96.9175","No"
"0x68fba8a0de9a03a927e7d55c620376b412d1cc0c","81.903197993818087025","No"
"0x1cfff4cf541060c5f8df9e5b25e3949333e33d41","55.54476951","No"
"0x52d58d166b8638f3a8c17a9109188c4865db53f9","55.15131180400000001","No"
"0x4b870c34743afc6c60bce4a4e04db20cb9871dcb","50","No"
"0xc28476a0cba468a52da3f969036fa21a5303232f","50","No"
"0xa41c7b2b6e3181ea626b853e85bf71c6236b7859","35","No"
"0xac6487faa834b44415ddce1d0d521b56f5b55735","26","No"
"0x5e00f13a69fba5350e32d1c9122dedffd86d16d6","23.078536477541","No"
"0x95f2a82db981f50a4c6bafa995aa7b336bf12377","16","No"
"0x4a5b07f0f6c1c7d818b2221047680a5f23bac6fc","15","No"
"0xd1b2a35600e2542ba9e1046acd8c2405c2dd1dc3","12.336269249","No"
"0xf6987ce7fb2c9641c60c1add2e74d40184ce2961","10.461253653185039103","No"
"0x14a836bd1f6cea5cc2e9eed6d1b3da14c2a4795c","10","No"
"0x52c8ad85c440d1f78a4d19bcd197ea295b98c413","8.4633","No"
"0xed1f00b1e85f4d0c4d04e7d3dcfd278dab5a2bda","8.06","No"
"0xb01f8f528702d411d24c9bb8cc0e2fff779ec013","4.43934938772014063","No"
"0xb772ef1768e6613e83cb1571f78f9a478dc2b342","3","No"
"0x3ebb65018739609b28d8bfaa61fa4ebd5902ab87","1.57213246","No"
"0xf7f1ae6e7634237c02a2d32b7de3f653177578a2","1.56","No"
"0x2ed6c2d7ce99690bf189013425964d7dd811ed87","1","No"
"0xb14e01297125f98b8b4723a93644fd1aecbfd3d1","1","No"
"0xf7d7c6baec51795c9a203ab59f15be331cae6810","1","No"
"0xd104e0fb284cc11eafd4f1e2744c47ceb4442b8a","1","No"
"0x76e248abb5b544ceb9e810327e6d8cbc804c502c","0.9417","No"
"0x41e993d4155dbec3b972f1243b10450ea72b6c1b","0.792804407257919388","No"
"0x1820f7227b73fe90e283cb60e8796afc059fa645","0.77","No"
"0xd5133236289ae0b32a21f9eb1df96bdd2e5f82d0","0.7616","No"
"0xc743d7680edd2af726482ffa455ed86646c65fe0","0.74847061906","No"
"0xa270e07801d5e3ddf605ff227cfedabf0047ae71","0.72740792","No"
"0x588d1bbc70ea094f3c6f26d37999f244cfab031d","0.68339346","No"
"0x2d36aa86282c415885519c76f84c553a38a4e204","0.6607","No"
"0xa20944feaa14f76436c7c16d4aad08e798a4fab9","0.6469","No"
"0x34168ac8543cadc12dc0012f95bdf6d8531d2a96","0.6445","No"
"0x9808216c5022a1af6b0ea35de45523ec4c0e8dee","0.604","No"
"0x9694f8e7a96d6a2aa87b243f838142d0f545ba89","0.4255812","No"
"0xea3aa333ace7e73560818e6b2edc979c796dd7cb","0.31967949","No"
"0x03c3bfaaaff8f6b12bddbf8245961b7053d8f37a","0.3115","No"
"0xc383fa53f1fe7c688f2a5a997b2d43fb39f93e68","0.2999","No"
"0xef0abbb7412c8bb13456ae8ba0bd2334d915ec2e","0.2281","No"
"0xd191014bd005dcce51a28a60a129932cd740a6b1","0.2228","No"
"0x700d6d006059754fc0783430d1a73496044564c3","0.1859","No"
"0x769ca22f00911cf6d27a6d115ccf56edb42b5198","0.1824","No"
"0x4c0b56f831b44299e5ced6d3ad728c9eabb7c5db","0.1627","No"
"0x163cb155724f58c71bb4a07a4529a2e87b56d5be","0.1612","No"
"0xeedfe16df8fe91acb4b4210dcba83317575fffb3","0.1206","No"
"0x98e6eb40925ea07b8050820ae3b05e6b77adbed8","0.091","No"
"0x6c0d47bb4930f193573b6c09c1b6afee1d236148","0.02857143","No"
"0xd49b751e29cc77e73cf41c1c215690086e0381de","0.0083","No"
"0x06d881b0157579534248a9b43d403539729b06b5","0.006029211420976671","No"
"0x00b6845caa31f5928e9600287f82c101ca4f18b2","0.005900906248140459","No"
"0x0aa5e55709d5a14f39204b053ef1dafb7010a06b","0.0057","No"
"0x5ab7b980d02574f2a833f944c380666e1639d3b8","0.001","No"
"0x86ecd42504fead01409901f41cda45a0f8c54e71","0.000746268819117743","No"
"0xc67708517c4e7e2164340a45e66316708d489567","0.0003","No"
"0x70bc0807172c544c9e549195d0cbf6232165eefe","0.0002","No"
"0xfaabd5d517aa9b71c057c9babada91467c7e6a3d","0.00018859540319361","No"
"0xd97e54eb8d316d968e1e2ecf68db7a4bff43909b","0.0001","No"
"0x8a2870d927ed7bcde2c263defa3b4ea5d63b8df0","0.00008127","No"
"0xab6691d1f27b23e12d466c1335667e87078ed77e","0.000079844793240813","No"
"0x99b6cb7235f7ba5659adcc2ea0829479023d72e6","0.00007399773507584","No"
"0xbaf4c125a16b19a2958f5f237fcd483d71423b69","0.00007","No"
"0xf5b53361b873732a2c1ba6fb660a4bd00ed47003","0.000065","No"
"0x2d787526f56db5d65ae0090f77d49ffbee41473d","0.00004763","No"
"0x8cf39a3a00004b58e781c3f7c1e9b419ae4d3cd3","0.00002988","No"
"0x5a98a163299cf3493e020adace303bbe5316af9e","0.00002900571737252","No"
"0xb8280b4af707d58d4961f23755decb80f292d682","0.0000099999838348","No"
"0x0323d3cdfa5faa7d344e101b3108054e12d462e7","0.00000749","No"
"0x012560744af4e55d613d26d936cf291c640a5a1d","0.00000654","No"
"0xeec37d09b1f4fecab4feb3b6363e48e02653c28e","0.000001","No"
"0xdabb91cb80ed59e1d16441b4b228a6b1faf30946","0.000001","No"
"0x2752c03f02edb4bb9f370530acb6318e1804cd6f","0.000000008947173403","No"
"0xc88fd4900a5a3d7b11630de255e37eb77a359c4c","0.000000002","No"
"0x6ccecbb8fe17741464b93e291f984f0031fb3c00","0.000000001487834796","No"
"0xcf5540fffcdc3d510b18bfca6d2b9987b0772559","0.000000001111253583","No"
"0xd9d3aab38522649459521032ec00f7a87c4e137d","0.000000000260046848","No"
"0xc119ff7a325e4b3a4a8f2029ce4cb0a9b1b20fe2","0.00000000008863518","No"
"0x0000000000007f150bd6f54c40a34d7c3d5e9f56","0.000000000053567566","No"
"0xb14a124d2c263b0b30b9ee2164a1296f0608a1d4","0.000000000037634048","No"
"0xe20cd9377c204a27952f8b41075f0b8bd1ceec3d","0.000000000024864681","No"
"0x24902aa0cf0000a08c0ea0b003b0c0bf600000e0","0.000000000004113031","No"
"0xeeeeeeeedc84cf6c897c92a02d7e31e6524c935e","0.000000000001900188","No"
"0xccf865eb42ee041fea34818c45f2dbe6b7e54923","0.000000000001290322","No"
"0x3d5ecc11e973a730969954196c1c69f9a8e7f9d3","0.000000000001103666","No"
"0xd695201dad8526273c40e4cfa6424e2eff896ed2","0.00000000000000008","No"
"0x92f3f71cef740ed5784874b8c70ff87ecdf33588","0.000000000000000001","No"
"0x6a000f20005980200259b80c5102003040001068","0.000000000000000001","No"
"0xf081470f5c6fbccf48cc4e5b82dd926409dcdd67","0.000000000000000001","No"
"0x3face0004bc1003b9d0672e7b23134cb80115fb6","0.000000000000000001","No"
"0x1111111254eeb25477b68fb85ed929f73a960582","0.000000000000000001","No"
"0x1136b25047e142fa3018184793aec68fbb173ce4","0.000000000000000001","No"
"0x3208684f96458c540eb08f6f01b9e9afb2b7d4f0","0.000000000000000001","No"
"0x7122db0ebe4eb9b434a9f2ffe6760bc03bfbd0e0","0.000000000000000001","No"
"0xe37e799d5077682fa0a244d46e5649f71457bd09","0.000000000000000001","No"
